env_id,agent,lam,seed,fingerprint,cost_return,raw_return,n_actions,solved,steps,n_eval_episodes,elapsed_sec,total_steps,source_csv
LunarLander-v3,dqn,0.0,0,67b5920e72f9,265.13562780189,265.13562780189,181.48666666666668,0.9933333333333333,272.4,150,623.7,200000,results/raw/LunarLander-v3/dqn/lam0.0/seed0_final.csv
LunarLander-v3,dqn,0.0,1,67b5920e72f9,193.1836567222542,193.1836567222542,392.50666666666666,0.64,583.5666666666667,150,666.9,200000,results/raw/LunarLander-v3/dqn/lam0.0/seed1_final.csv
LunarLander-v3,dqn,0.0,2,67b5920e72f9,164.96758373482564,164.96758373482564,382.6,0.5866666666666667,601.0266666666666,150,726.9,200000,results/raw/LunarLander-v3/dqn/lam0.0/seed2_final.csv
LunarLander-v3,dqn,0.0,3,67b5920e72f9,196.819279953358,196.819279953358,356.88,0.86,461.74,150,651.4,200000,results/raw/LunarLander-v3/dqn/lam0.0/seed3_final.csv
LunarLander-v3,dqn,0.1,0,67b5920e72f9,207.21467397209184,237.08534063875888,298.70666666666665,0.9733333333333334,413.6066666666667,150,630.4,200000,results/raw/LunarLander-v3/dqn/lam0.1/seed0_final.csv
LunarLander-v3,dqn,0.1,1,67b5920e72f9,119.95260783135923,157.93194116469311,379.79333333333335,0.7133333333333334,573.62,150,645.0,200000,results/raw/LunarLander-v3/dqn/lam0.1/seed1_final.csv
LunarLander-v3,dqn,0.1,2,67b5920e72f9,190.19031029906705,214.0103102990675,238.2,0.94,380.41333333333336,150,719.3,200000,results/raw/LunarLander-v3/dqn/lam0.1/seed2_final.csv
LunarLander-v3,dqn,0.1,3,67b5920e72f9,207.9096156371786,225.44494897051229,175.35333333333332,0.96,282.49333333333334,150,639.8,200000,results/raw/LunarLander-v3/dqn/lam0.1/seed3_final.csv
LunarLander-v3,dqn,0.3,0,67b5920e72f9,177.05735213472389,222.37935213472403,151.07333333333332,0.9666666666666667,287.5133333333333,150,624.5,200000,results/raw/LunarLander-v3/dqn/lam0.3/seed0_final.csv
LunarLander-v3,dqn,0.3,1,67b5920e72f9,146.6536758680594,205.1636758680596,195.03333333333333,0.98,347.74666666666667,150,635.4,200000,results/raw/LunarLander-v3/dqn/lam0.3/seed1_final.csv
LunarLander-v3,dqn,0.3,2,67b5920e72f9,132.22406361083912,185.4680636108392,177.48,0.9666666666666667,318.6666666666667,150,708.0,200000,results/raw/LunarLander-v3/dqn/lam0.3/seed2_final.csv
LunarLander-v3,dqn,0.3,3,67b5920e72f9,144.6428210489901,216.35882104899025,239.05333333333334,0.9266666666666666,416.24,150,644.9,200000,results/raw/LunarLander-v3/dqn/lam0.3/seed3_final.csv
LunarLander-v3,dqn,0.6,0,67b5920e72f9,89.53473264290166,205.8067326429018,193.78666666666666,0.9333333333333333,338.38,150,623.3,200000,results/raw/LunarLander-v3/dqn/lam0.6/seed0_final.csv
LunarLander-v3,dqn,0.6,1,67b5920e72f9,105.70021130738373,193.3442113073838,146.07333333333332,0.9333333333333333,285.26666666666665,150,633.7,200000,results/raw/LunarLander-v3/dqn/lam0.6/seed1_final.csv
LunarLander-v3,dqn,0.6,2,67b5920e72f9,-46.6142705337961,-11.51027053379609,58.50666666666667,0.9933333333333333,121.71333333333334,150,699.3,200000,results/raw/LunarLander-v3/dqn/lam0.6/seed2_final.csv
LunarLander-v3,dqn,0.6,3,67b5920e72f9,104.82199691290043,203.41799691290055,164.32666666666665,0.9333333333333333,323.3,150,645.7,200000,results/raw/LunarLander-v3/dqn/lam0.6/seed3_final.csv
LunarLander-v3,dqn,1.0,0,67b5920e72f9,25.08137781005065,179.26804447671748,154.18666666666667,0.96,303.5933333333333,150,624.7,200000,results/raw/LunarLander-v3/dqn/lam1.0/seed0_final.csv
LunarLander-v3,dqn,1.0,1,67b5920e72f9,14.300244792001443,109.4069114586682,95.10666666666667,1.0,203.48,150,630.7,200000,results/raw/LunarLander-v3/dqn/lam1.0/seed1_final.csv
LunarLander-v3,dqn,1.0,2,67b5920e72f9,-60.30779847100544,17.692201528994623,78.0,1.0,148.64666666666668,150,700.2,200000,results/raw/LunarLander-v3/dqn/lam1.0/seed2_final.csv
LunarLander-v3,dqn,1.0,3,67b5920e72f9,85.73479680620277,233.30813013953627,147.57333333333332,0.9866666666666667,288.6066666666667,150,641.9,200000,results/raw/LunarLander-v3/dqn/lam1.0/seed3_final.csv
LunarLander-v3,dqn,1.37,0,67b5920e72f9,-109.99900687489581,127.988259791771,173.71333333333334,0.96,341.56,150,632.4,200000,results/raw/LunarLander-v3/dqn/lam1.37/seed0_final.csv
LunarLander-v3,dqn,1.37,1,67b5920e72f9,-87.47409080926937,207.98924252406425,215.66666666666666,0.9733333333333334,413.0466666666667,150,639.4,200000,results/raw/LunarLander-v3/dqn/lam1.37/seed1_final.csv
LunarLander-v3,dqn,1.37,2,67b5920e72f9,-55.99522727199971,68.73870606133377,91.04666666666667,0.9933333333333333,183.6,150,712.7,200000,results/raw/LunarLander-v3/dqn/lam1.37/seed2_final.csv
LunarLander-v3,dqn,1.37,3,67b5920e72f9,-21.526904609885847,176.45636205678105,144.51333333333332,1.0,289.22,150,623.7,200000,results/raw/LunarLander-v3/dqn/lam1.37/seed3_final.csv
LunarLander-v3,dqn,2.0,0,67b5920e72f9,-149.78237802455286,75.35095530878068,112.56666666666666,0.9933333333333333,219.25333333333333,150,634.5,200000,results/raw/LunarLander-v3/dqn/lam2.0/seed0_final.csv
LunarLander-v3,dqn,2.0,1,67b5920e72f9,-165.29615973126147,73.41050693540537,119.35333333333334,1.0,243.59333333333333,150,620.7,200000,results/raw/LunarLander-v3/dqn/lam2.0/seed1_final.csv
LunarLander-v3,dqn,2.0,2,67b5920e72f9,-108.90881443959758,23.851185560402477,66.38,1.0,150.52,150,672.9,200000,results/raw/LunarLander-v3/dqn/lam2.0/seed2_final.csv
LunarLander-v3,dqn,2.0,3,67b5920e72f9,-144.87686343749516,17.123136562504953,81.0,1.0,178.66666666666666,150,619.9,200000,results/raw/LunarLander-v3/dqn/lam2.0/seed3_final.csv
LunarLander-v3,dqn,3.0,0,67b5920e72f9,-218.16663985298888,-21.246639852988768,65.64,1.0,153.22,150,636.5,200000,results/raw/LunarLander-v3/dqn/lam3.0/seed0_final.csv
LunarLander-v3,dqn,3.0,1,67b5920e72f9,-225.26703741478948,50.292962585210574,91.85333333333334,0.9933333333333333,184.62666666666667,150,611.1,200000,results/raw/LunarLander-v3/dqn/lam3.0/seed1_final.csv
LunarLander-v3,dqn,3.0,2,67b5920e72f9,-333.73330210765454,4.086697892345625,112.60666666666667,1.0,232.68666666666667,150,678.0,200000,results/raw/LunarLander-v3/dqn/lam3.0/seed2_final.csv
LunarLander-v3,dqn,3.0,3,67b5920e72f9,-160.8196292512588,-53.679629251258724,35.71333333333333,1.0,108.84666666666666,150,621.5,200000,results/raw/LunarLander-v3/dqn/lam3.0/seed3_final.csv
LunarLander-v3,lazy,0.0,0,789154ed6e13,234.99700842768667,234.99700842768667,223.45333333333335,0.9866666666666667,320.3466666666667,150,625.0,200000,results/raw/LunarLander-v3/lazy/lam0.0/seed0_final.csv
LunarLander-v3,lazy,0.0,1,789154ed6e13,230.1953452226375,230.1953452226375,211.78666666666666,0.88,326.8466666666667,150,805.1,200000,results/raw/LunarLander-v3/lazy/lam0.0/seed1_final.csv
LunarLander-v3,lazy,0.0,2,789154ed6e13,173.35753271632737,173.35753271632737,386.72,0.8533333333333334,617.0133333333333,150,682.0,200000,results/raw/LunarLander-v3/lazy/lam0.0/seed2_final.csv
LunarLander-v3,lazy,0.1,0,789154ed6e13,223.45863696518433,236.96197029851785,135.03333333333333,0.98,238.33333333333334,150,619.5,200000,results/raw/LunarLander-v3/lazy/lam0.1/seed0_final.csv
LunarLander-v3,lazy,0.1,1,789154ed6e13,225.119301256224,241.71196792289086,165.92666666666668,0.9533333333333334,293.0733333333333,150,791.6,200000,results/raw/LunarLander-v3/lazy/lam0.1/seed1_final.csv
LunarLander-v3,lazy,0.1,2,789154ed6e13,61.40887773370422,83.99354440037118,225.84666666666666,0.96,334.14666666666665,150,668.9,200000,results/raw/LunarLander-v3/lazy/lam0.1/seed2_final.csv
LunarLander-v3,lazy,0.3,0,789154ed6e13,150.33650952782955,187.97650952782953,125.46666666666667,0.9866666666666667,227.32,150,615.5,200000,results/raw/LunarLander-v3/lazy/lam0.3/seed0_final.csv
LunarLander-v3,lazy,0.3,1,789154ed6e13,128.21782144471058,161.11982144471065,109.67333333333333,0.9866666666666667,203.05333333333334,150,715.5,200000,results/raw/LunarLander-v3/lazy/lam0.3/seed1_final.csv
LunarLander-v3,lazy,0.3,2,789154ed6e13,146.673225300906,207.147225300906,201.58,0.9333333333333333,349.32666666666665,150,661.4,200000,results/raw/LunarLander-v3/lazy/lam0.3/seed2_final.csv
LunarLander-v3,lazy,0.6,0,789154ed6e13,147.07861154812272,240.2986115481228,155.36666666666667,0.98,288.82,150,650.6,200000,results/raw/LunarLander-v3/lazy/lam0.6/seed0_final.csv
LunarLander-v3,lazy,0.6,1,789154ed6e13,144.15202931842654,243.08002931842657,164.88,0.9933333333333333,299.75333333333333,150,715.9,200000,results/raw/LunarLander-v3/lazy/lam0.6/seed1_final.csv
LunarLander-v3,lazy,0.6,2,789154ed6e13,-29.51006023407896,123.61393976592129,255.20666666666668,0.84,459.75333333333333,150,660.2,200000,results/raw/LunarLander-v3/lazy/lam0.6/seed2_final.csv
LunarLander-v3,lazy,1.0,0,789154ed6e13,-6.890528784003103,84.41613788266368,91.30666666666667,0.9933333333333333,172.22,150,645.9,200000,results/raw/LunarLander-v3/lazy/lam1.0/seed0_final.csv
LunarLander-v3,lazy,1.0,1,789154ed6e13,33.62460521299051,137.3446052129906,103.72,0.9933333333333333,203.79333333333332,150,700.6,200000,results/raw/LunarLander-v3/lazy/lam1.0/seed1_final.csv
LunarLander-v3,lazy,1.0,2,789154ed6e13,20.871196400960457,108.25119640096054,87.38,0.98,194.39333333333335,150,656.9,200000,results/raw/LunarLander-v3/lazy/lam1.0/seed2_final.csv
LunarLander-v3,lazy,1.37,0,789154ed6e13,-78.88040384515104,61.051396154849066,102.14,1.0,191.28,150,644.4,200000,results/raw/LunarLander-v3/lazy/lam1.37/seed0_final.csv
LunarLander-v3,lazy,1.37,1,789154ed6e13,-30.364624357890232,198.78157564211,167.26,0.96,327.7733333333333,150,715.5,200000,results/raw/LunarLander-v3/lazy/lam1.37/seed1_final.csv
LunarLander-v3,lazy,1.37,2,789154ed6e13,-73.79096773703291,174.59916559630065,181.30666666666667,0.9866666666666667,348.56,150,657.6,200000,results/raw/LunarLander-v3/lazy/lam1.37/seed2_final.csv
LunarLander-v3,lazy,2.0,0,789154ed6e13,-330.9291421394087,31.964191193924854,181.44666666666666,0.8666666666666667,322.08,150,651.3,200000,results/raw/LunarLander-v3/lazy/lam2.0/seed0_final.csv
LunarLander-v3,lazy,2.0,1,789154ed6e13,-177.25603988285235,139.59729345048117,158.42666666666668,0.9933333333333333,313.44666666666666,150,714.8,200000,results/raw/LunarLander-v3/lazy/lam2.0/seed1_final.csv
LunarLander-v3,lazy,2.0,2,789154ed6e13,-124.55001251916886,-80.16334585250218,22.19333333333333,1.0,86.58,150,642.1,200000,results/raw/LunarLander-v3/lazy/lam2.0/seed2_final.csv
LunarLander-v3,lazy,3.0,0,789154ed6e13,-136.3868293265984,-52.46682932659839,27.973333333333333,0.9933333333333333,90.9,150,613.4,200000,results/raw/LunarLander-v3/lazy/lam3.0/seed0_final.csv
LunarLander-v3,lazy,3.0,1,789154ed6e13,-447.67510551757283,-28.295105517572665,139.79333333333332,0.9866666666666667,262.18,150,701.3,200000,results/raw/LunarLander-v3/lazy/lam3.0/seed1_final.csv
LunarLander-v3,lazy,3.0,2,789154ed6e13,-132.34874931804268,-119.36874931804269,4.326666666666667,1.0,70.72666666666667,150,624.1,200000,results/raw/LunarLander-v3/lazy/lam3.0/seed2_final.csv
LunarLander-v3,rule_noop,0.0,0,규칙(지문없음),-130.6083365462689,-130.6083365462689,0.0,1.0,72.16,100,0.39,0,results/raw/LunarLander-v3/rule_noop/lam0.0/seed0_final.csv
LunarLander-v3,rule_noop,0.0,1,규칙(지문없음),-123.88320478804691,-123.88320478804691,0.0,1.0,70.14,100,0.38,0,results/raw/LunarLander-v3/rule_noop/lam0.0/seed1_final.csv
LunarLander-v3,rule_noop,0.0,2,규칙(지문없음),-133.45451036251632,-133.45451036251632,0.0,1.0,71.86,100,0.39,0,results/raw/LunarLander-v3/rule_noop/lam0.0/seed2_final.csv
LunarLander-v3,rule_noop,0.0,3,규칙(지문없음),-131.8818159931876,-131.8818159931876,0.0,1.0,70.46,100,0.38,0,results/raw/LunarLander-v3/rule_noop/lam0.0/seed3_final.csv
LunarLander-v3,rule_noop,0.0,4,규칙(지문없음),-130.38221243357486,-130.38221243357486,0.0,1.0,71.1,100,0.39,0,results/raw/LunarLander-v3/rule_noop/lam0.0/seed4_final.csv
LunarLander-v3,rule_noop,0.0,5,규칙(지문없음),-127.18563751029649,-127.18563751029649,0.0,1.0,70.44,100,0.38,0,results/raw/LunarLander-v3/rule_noop/lam0.0/seed5_final.csv
LunarLander-v3,rule_noop,0.0,6,규칙(지문없음),-137.3242176656163,-137.3242176656163,0.0,1.0,71.24,100,0.58,0,results/raw/LunarLander-v3/rule_noop/lam0.0/seed6_final.csv
LunarLander-v3,rule_noop,0.0,7,규칙(지문없음),-134.09630209594516,-134.09630209594516,0.0,1.0,69.54,100,0.61,0,results/raw/LunarLander-v3/rule_noop/lam0.0/seed7_final.csv
LunarLander-v3,rule_noop,0.0,8,규칙(지문없음),-128.35980192955157,-128.35980192955157,0.0,1.0,69.8,100,0.61,0,results/raw/LunarLander-v3/rule_noop/lam0.0/seed8_final.csv
LunarLander-v3,rule_noop,0.0,9,규칙(지문없음),-133.0830092653199,-133.0830092653199,0.0,1.0,69.98,100,0.61,0,results/raw/LunarLander-v3/rule_noop/lam0.0/seed9_final.csv
LunarLander-v3,rule_noop,0.1,0,규칙(지문없음),-130.6083365462689,-130.6083365462689,0.0,1.0,72.16,100,0.59,0,results/raw/LunarLander-v3/rule_noop/lam0.1/seed0_final.csv
LunarLander-v3,rule_noop,0.1,1,규칙(지문없음),-123.88320478804691,-123.88320478804691,0.0,1.0,70.14,100,0.58,0,results/raw/LunarLander-v3/rule_noop/lam0.1/seed1_final.csv
LunarLander-v3,rule_noop,0.1,2,규칙(지문없음),-133.45451036251632,-133.45451036251632,0.0,1.0,71.86,100,0.59,0,results/raw/LunarLander-v3/rule_noop/lam0.1/seed2_final.csv
LunarLander-v3,rule_noop,0.1,3,규칙(지문없음),-131.8818159931876,-131.8818159931876,0.0,1.0,70.46,100,0.58,0,results/raw/LunarLander-v3/rule_noop/lam0.1/seed3_final.csv
LunarLander-v3,rule_noop,0.1,4,규칙(지문없음),-130.38221243357486,-130.38221243357486,0.0,1.0,71.1,100,0.59,0,results/raw/LunarLander-v3/rule_noop/lam0.1/seed4_final.csv
LunarLander-v3,rule_noop,0.1,5,규칙(지문없음),-127.18563751029649,-127.18563751029649,0.0,1.0,70.44,100,0.63,0,results/raw/LunarLander-v3/rule_noop/lam0.1/seed5_final.csv
LunarLander-v3,rule_noop,0.1,6,규칙(지문없음),-137.3242176656163,-137.3242176656163,0.0,1.0,71.24,100,0.59,0,results/raw/LunarLander-v3/rule_noop/lam0.1/seed6_final.csv
LunarLander-v3,rule_noop,0.1,7,규칙(지문없음),-134.09630209594516,-134.09630209594516,0.0,1.0,69.54,100,0.55,0,results/raw/LunarLander-v3/rule_noop/lam0.1/seed7_final.csv
LunarLander-v3,rule_noop,0.1,8,규칙(지문없음),-128.35980192955157,-128.35980192955157,0.0,1.0,69.8,100,0.57,0,results/raw/LunarLander-v3/rule_noop/lam0.1/seed8_final.csv
LunarLander-v3,rule_noop,0.1,9,규칙(지문없음),-133.0830092653199,-133.0830092653199,0.0,1.0,69.98,100,0.58,0,results/raw/LunarLander-v3/rule_noop/lam0.1/seed9_final.csv
LunarLander-v3,rule_noop,0.3,0,규칙(지문없음),-130.6083365462689,-130.6083365462689,0.0,1.0,72.16,100,0.6,0,results/raw/LunarLander-v3/rule_noop/lam0.3/seed0_final.csv
LunarLander-v3,rule_noop,0.3,1,규칙(지문없음),-123.88320478804691,-123.88320478804691,0.0,1.0,70.14,100,0.6,0,results/raw/LunarLander-v3/rule_noop/lam0.3/seed1_final.csv
LunarLander-v3,rule_noop,0.3,2,규칙(지문없음),-133.45451036251632,-133.45451036251632,0.0,1.0,71.86,100,0.63,0,results/raw/LunarLander-v3/rule_noop/lam0.3/seed2_final.csv
LunarLander-v3,rule_noop,0.3,3,규칙(지문없음),-131.8818159931876,-131.8818159931876,0.0,1.0,70.46,100,0.63,0,results/raw/LunarLander-v3/rule_noop/lam0.3/seed3_final.csv
LunarLander-v3,rule_noop,0.3,4,규칙(지문없음),-130.38221243357486,-130.38221243357486,0.0,1.0,71.1,100,0.62,0,results/raw/LunarLander-v3/rule_noop/lam0.3/seed4_final.csv
LunarLander-v3,rule_noop,0.3,5,규칙(지문없음),-127.18563751029649,-127.18563751029649,0.0,1.0,70.44,100,0.61,0,results/raw/LunarLander-v3/rule_noop/lam0.3/seed5_final.csv
LunarLander-v3,rule_noop,0.3,6,규칙(지문없음),-137.3242176656163,-137.3242176656163,0.0,1.0,71.24,100,0.6,0,results/raw/LunarLander-v3/rule_noop/lam0.3/seed6_final.csv
LunarLander-v3,rule_noop,0.3,7,규칙(지문없음),-134.09630209594516,-134.09630209594516,0.0,1.0,69.54,100,0.57,0,results/raw/LunarLander-v3/rule_noop/lam0.3/seed7_final.csv
LunarLander-v3,rule_noop,0.3,8,규칙(지문없음),-128.35980192955157,-128.35980192955157,0.0,1.0,69.8,100,0.57,0,results/raw/LunarLander-v3/rule_noop/lam0.3/seed8_final.csv
LunarLander-v3,rule_noop,0.3,9,규칙(지문없음),-133.0830092653199,-133.0830092653199,0.0,1.0,69.98,100,0.57,0,results/raw/LunarLander-v3/rule_noop/lam0.3/seed9_final.csv
LunarLander-v3,rule_noop,0.6,0,규칙(지문없음),-130.6083365462689,-130.6083365462689,0.0,1.0,72.16,100,0.59,0,results/raw/LunarLander-v3/rule_noop/lam0.6/seed0_final.csv
LunarLander-v3,rule_noop,0.6,1,규칙(지문없음),-123.88320478804691,-123.88320478804691,0.0,1.0,70.14,100,0.59,0,results/raw/LunarLander-v3/rule_noop/lam0.6/seed1_final.csv
LunarLander-v3,rule_noop,0.6,2,규칙(지문없음),-133.45451036251632,-133.45451036251632,0.0,1.0,71.86,100,0.59,0,results/raw/LunarLander-v3/rule_noop/lam0.6/seed2_final.csv
LunarLander-v3,rule_noop,0.6,3,규칙(지문없음),-131.8818159931876,-131.8818159931876,0.0,1.0,70.46,100,0.57,0,results/raw/LunarLander-v3/rule_noop/lam0.6/seed3_final.csv
LunarLander-v3,rule_noop,0.6,4,규칙(지문없음),-130.38221243357486,-130.38221243357486,0.0,1.0,71.1,100,0.57,0,results/raw/LunarLander-v3/rule_noop/lam0.6/seed4_final.csv
LunarLander-v3,rule_noop,0.6,5,규칙(지문없음),-127.18563751029649,-127.18563751029649,0.0,1.0,70.44,100,0.58,0,results/raw/LunarLander-v3/rule_noop/lam0.6/seed5_final.csv
LunarLander-v3,rule_noop,0.6,6,규칙(지문없음),-137.3242176656163,-137.3242176656163,0.0,1.0,71.24,100,0.56,0,results/raw/LunarLander-v3/rule_noop/lam0.6/seed6_final.csv
LunarLander-v3,rule_noop,0.6,7,규칙(지문없음),-134.09630209594516,-134.09630209594516,0.0,1.0,69.54,100,0.59,0,results/raw/LunarLander-v3/rule_noop/lam0.6/seed7_final.csv
LunarLander-v3,rule_noop,0.6,8,규칙(지문없음),-128.35980192955157,-128.35980192955157,0.0,1.0,69.8,100,0.59,0,results/raw/LunarLander-v3/rule_noop/lam0.6/seed8_final.csv
LunarLander-v3,rule_noop,0.6,9,규칙(지문없음),-133.0830092653199,-133.0830092653199,0.0,1.0,69.98,100,0.58,0,results/raw/LunarLander-v3/rule_noop/lam0.6/seed9_final.csv
LunarLander-v3,rule_noop,1.0,0,규칙(지문없음),-130.6083365462689,-130.6083365462689,0.0,1.0,72.16,100,0.6,0,results/raw/LunarLander-v3/rule_noop/lam1.0/seed0_final.csv
LunarLander-v3,rule_noop,1.0,1,규칙(지문없음),-123.88320478804691,-123.88320478804691,0.0,1.0,70.14,100,0.57,0,results/raw/LunarLander-v3/rule_noop/lam1.0/seed1_final.csv
LunarLander-v3,rule_noop,1.0,2,규칙(지문없음),-133.45451036251632,-133.45451036251632,0.0,1.0,71.86,100,0.58,0,results/raw/LunarLander-v3/rule_noop/lam1.0/seed2_final.csv
LunarLander-v3,rule_noop,1.0,3,규칙(지문없음),-131.8818159931876,-131.8818159931876,0.0,1.0,70.46,100,0.57,0,results/raw/LunarLander-v3/rule_noop/lam1.0/seed3_final.csv
LunarLander-v3,rule_noop,1.0,4,규칙(지문없음),-130.38221243357486,-130.38221243357486,0.0,1.0,71.1,100,0.6,0,results/raw/LunarLander-v3/rule_noop/lam1.0/seed4_final.csv
LunarLander-v3,rule_noop,1.0,5,규칙(지문없음),-127.18563751029649,-127.18563751029649,0.0,1.0,70.44,100,0.58,0,results/raw/LunarLander-v3/rule_noop/lam1.0/seed5_final.csv
LunarLander-v3,rule_noop,1.0,6,규칙(지문없음),-137.3242176656163,-137.3242176656163,0.0,1.0,71.24,100,0.57,0,results/raw/LunarLander-v3/rule_noop/lam1.0/seed6_final.csv
LunarLander-v3,rule_noop,1.0,7,규칙(지문없음),-134.09630209594516,-134.09630209594516,0.0,1.0,69.54,100,0.62,0,results/raw/LunarLander-v3/rule_noop/lam1.0/seed7_final.csv
LunarLander-v3,rule_noop,1.0,8,규칙(지문없음),-128.35980192955157,-128.35980192955157,0.0,1.0,69.8,100,0.56,0,results/raw/LunarLander-v3/rule_noop/lam1.0/seed8_final.csv
LunarLander-v3,rule_noop,1.0,9,규칙(지문없음),-133.0830092653199,-133.0830092653199,0.0,1.0,69.98,100,0.58,0,results/raw/LunarLander-v3/rule_noop/lam1.0/seed9_final.csv
LunarLander-v3,rule_noop,1.37,0,규칙(지문없음),-130.6083365462689,-130.6083365462689,0.0,1.0,72.16,100,0.63,0,results/raw/LunarLander-v3/rule_noop/lam1.37/seed0_final.csv
LunarLander-v3,rule_noop,1.37,1,규칙(지문없음),-123.88320478804691,-123.88320478804691,0.0,1.0,70.14,100,0.57,0,results/raw/LunarLander-v3/rule_noop/lam1.37/seed1_final.csv
LunarLander-v3,rule_noop,1.37,2,규칙(지문없음),-133.45451036251632,-133.45451036251632,0.0,1.0,71.86,100,0.6,0,results/raw/LunarLander-v3/rule_noop/lam1.37/seed2_final.csv
LunarLander-v3,rule_noop,1.37,3,규칙(지문없음),-131.8818159931876,-131.8818159931876,0.0,1.0,70.46,100,0.57,0,results/raw/LunarLander-v3/rule_noop/lam1.37/seed3_final.csv
LunarLander-v3,rule_noop,1.37,4,규칙(지문없음),-130.38221243357486,-130.38221243357486,0.0,1.0,71.1,100,0.59,0,results/raw/LunarLander-v3/rule_noop/lam1.37/seed4_final.csv
LunarLander-v3,rule_noop,1.37,5,규칙(지문없음),-127.18563751029649,-127.18563751029649,0.0,1.0,70.44,100,0.55,0,results/raw/LunarLander-v3/rule_noop/lam1.37/seed5_final.csv
LunarLander-v3,rule_noop,1.37,6,규칙(지문없음),-137.3242176656163,-137.3242176656163,0.0,1.0,71.24,100,0.6,0,results/raw/LunarLander-v3/rule_noop/lam1.37/seed6_final.csv
LunarLander-v3,rule_noop,1.37,7,규칙(지문없음),-134.09630209594516,-134.09630209594516,0.0,1.0,69.54,100,0.55,0,results/raw/LunarLander-v3/rule_noop/lam1.37/seed7_final.csv
LunarLander-v3,rule_noop,1.37,8,규칙(지문없음),-128.35980192955157,-128.35980192955157,0.0,1.0,69.8,100,0.56,0,results/raw/LunarLander-v3/rule_noop/lam1.37/seed8_final.csv
LunarLander-v3,rule_noop,1.37,9,규칙(지문없음),-133.0830092653199,-133.0830092653199,0.0,1.0,69.98,100,0.58,0,results/raw/LunarLander-v3/rule_noop/lam1.37/seed9_final.csv
LunarLander-v3,rule_noop,2.0,0,규칙(지문없음),-130.6083365462689,-130.6083365462689,0.0,1.0,72.16,100,0.59,0,results/raw/LunarLander-v3/rule_noop/lam2.0/seed0_final.csv
LunarLander-v3,rule_noop,2.0,1,규칙(지문없음),-123.88320478804691,-123.88320478804691,0.0,1.0,70.14,100,0.59,0,results/raw/LunarLander-v3/rule_noop/lam2.0/seed1_final.csv
LunarLander-v3,rule_noop,2.0,2,규칙(지문없음),-133.45451036251632,-133.45451036251632,0.0,1.0,71.86,100,0.59,0,results/raw/LunarLander-v3/rule_noop/lam2.0/seed2_final.csv
LunarLander-v3,rule_noop,2.0,3,규칙(지문없음),-131.8818159931876,-131.8818159931876,0.0,1.0,70.46,100,0.58,0,results/raw/LunarLander-v3/rule_noop/lam2.0/seed3_final.csv
LunarLander-v3,rule_noop,2.0,4,규칙(지문없음),-130.38221243357486,-130.38221243357486,0.0,1.0,71.1,100,0.59,0,results/raw/LunarLander-v3/rule_noop/lam2.0/seed4_final.csv
LunarLander-v3,rule_noop,2.0,5,규칙(지문없음),-127.18563751029649,-127.18563751029649,0.0,1.0,70.44,100,0.57,0,results/raw/LunarLander-v3/rule_noop/lam2.0/seed5_final.csv
LunarLander-v3,rule_noop,2.0,6,규칙(지문없음),-137.3242176656163,-137.3242176656163,0.0,1.0,71.24,100,0.59,0,results/raw/LunarLander-v3/rule_noop/lam2.0/seed6_final.csv
LunarLander-v3,rule_noop,2.0,7,규칙(지문없음),-134.09630209594516,-134.09630209594516,0.0,1.0,69.54,100,0.59,0,results/raw/LunarLander-v3/rule_noop/lam2.0/seed7_final.csv
LunarLander-v3,rule_noop,2.0,8,규칙(지문없음),-128.35980192955157,-128.35980192955157,0.0,1.0,69.8,100,0.55,0,results/raw/LunarLander-v3/rule_noop/lam2.0/seed8_final.csv
LunarLander-v3,rule_noop,2.0,9,규칙(지문없음),-133.0830092653199,-133.0830092653199,0.0,1.0,69.98,100,0.57,0,results/raw/LunarLander-v3/rule_noop/lam2.0/seed9_final.csv
LunarLander-v3,rule_noop,3.0,0,규칙(지문없음),-130.6083365462689,-130.6083365462689,0.0,1.0,72.16,100,0.55,0,results/raw/LunarLander-v3/rule_noop/lam3.0/seed0_final.csv
LunarLander-v3,rule_noop,3.0,1,규칙(지문없음),-123.88320478804691,-123.88320478804691,0.0,1.0,70.14,100,0.61,0,results/raw/LunarLander-v3/rule_noop/lam3.0/seed1_final.csv
LunarLander-v3,rule_noop,3.0,2,규칙(지문없음),-133.45451036251632,-133.45451036251632,0.0,1.0,71.86,100,0.62,0,results/raw/LunarLander-v3/rule_noop/lam3.0/seed2_final.csv
LunarLander-v3,rule_noop,3.0,3,규칙(지문없음),-131.8818159931876,-131.8818159931876,0.0,1.0,70.46,100,0.61,0,results/raw/LunarLander-v3/rule_noop/lam3.0/seed3_final.csv
LunarLander-v3,rule_noop,3.0,4,규칙(지문없음),-130.38221243357486,-130.38221243357486,0.0,1.0,71.1,100,0.59,0,results/raw/LunarLander-v3/rule_noop/lam3.0/seed4_final.csv
LunarLander-v3,rule_noop,3.0,5,규칙(지문없음),-127.18563751029649,-127.18563751029649,0.0,1.0,70.44,100,0.55,0,results/raw/LunarLander-v3/rule_noop/lam3.0/seed5_final.csv
LunarLander-v3,rule_noop,3.0,6,규칙(지문없음),-137.3242176656163,-137.3242176656163,0.0,1.0,71.24,100,0.55,0,results/raw/LunarLander-v3/rule_noop/lam3.0/seed6_final.csv
LunarLander-v3,rule_noop,3.0,7,규칙(지문없음),-134.09630209594516,-134.09630209594516,0.0,1.0,69.54,100,0.58,0,results/raw/LunarLander-v3/rule_noop/lam3.0/seed7_final.csv
LunarLander-v3,rule_noop,3.0,8,규칙(지문없음),-128.35980192955157,-128.35980192955157,0.0,1.0,69.8,100,0.59,0,results/raw/LunarLander-v3/rule_noop/lam3.0/seed8_final.csv
LunarLander-v3,rule_noop,3.0,9,규칙(지문없음),-133.0830092653199,-133.0830092653199,0.0,1.0,69.98,100,0.61,0,results/raw/LunarLander-v3/rule_noop/lam3.0/seed9_final.csv
LunarLander-v3,rule_periodic_k1,0.0,0,규칙(지문없음),-599.4333801499201,-599.4333801499201,68.13,1.0,68.13,100,0.68,0,results/raw/LunarLander-v3/rule_periodic_k1/lam0.0/seed0_final.csv
LunarLander-v3,rule_periodic_k1,0.0,1,규칙(지문없음),-575.739123990882,-575.739123990882,66.27,1.0,66.27,100,0.66,0,results/raw/LunarLander-v3/rule_periodic_k1/lam0.0/seed1_final.csv
LunarLander-v3,rule_periodic_k1,0.0,2,규칙(지문없음),-587.7806309885132,-587.7806309885132,67.83,1.0,67.83,100,0.66,0,results/raw/LunarLander-v3/rule_periodic_k1/lam0.0/seed2_final.csv
LunarLander-v3,rule_periodic_k1,0.0,3,규칙(지문없음),-560.9211569731219,-560.9211569731219,67.19,1.0,67.19,100,0.66,0,results/raw/LunarLander-v3/rule_periodic_k1/lam0.0/seed3_final.csv
LunarLander-v3,rule_periodic_k1,0.0,4,규칙(지문없음),-578.6657277077187,-578.6657277077187,66.69,1.0,66.69,100,0.67,0,results/raw/LunarLander-v3/rule_periodic_k1/lam0.0/seed4_final.csv
LunarLander-v3,rule_periodic_k1,0.0,5,규칙(지문없음),-585.8453839572215,-585.8453839572215,66.75,1.0,66.75,100,0.69,0,results/raw/LunarLander-v3/rule_periodic_k1/lam0.0/seed5_final.csv
LunarLander-v3,rule_periodic_k1,0.0,6,규칙(지문없음),-581.823705566254,-581.823705566254,68.59,1.0,68.59,100,0.68,0,results/raw/LunarLander-v3/rule_periodic_k1/lam0.0/seed6_final.csv
LunarLander-v3,rule_periodic_k1,0.0,7,규칙(지문없음),-573.7912133384227,-573.7912133384227,66.64,1.0,66.64,100,0.68,0,results/raw/LunarLander-v3/rule_periodic_k1/lam0.0/seed7_final.csv
LunarLander-v3,rule_periodic_k1,0.0,8,규칙(지문없음),-583.7249977839475,-583.7249977839475,66.9,1.0,66.9,100,0.65,0,results/raw/LunarLander-v3/rule_periodic_k1/lam0.0/seed8_final.csv
LunarLander-v3,rule_periodic_k1,0.0,9,규칙(지문없음),-583.2030100940276,-583.2030100940276,67.21,1.0,67.21,100,0.48,0,results/raw/LunarLander-v3/rule_periodic_k1/lam0.0/seed9_final.csv
LunarLander-v3,rule_periodic_k1,0.1,0,규칙(지문없음),-606.2463801499206,-599.4333801499201,68.13,1.0,68.13,100,0.63,0,results/raw/LunarLander-v3/rule_periodic_k1/lam0.1/seed0_final.csv
LunarLander-v3,rule_periodic_k1,0.1,1,규칙(지문없음),-582.3661239908824,-575.739123990882,66.27,1.0,66.27,100,0.64,0,results/raw/LunarLander-v3/rule_periodic_k1/lam0.1/seed1_final.csv
LunarLander-v3,rule_periodic_k1,0.1,2,규칙(지문없음),-594.5636309885136,-587.7806309885132,67.83,1.0,67.83,100,0.61,0,results/raw/LunarLander-v3/rule_periodic_k1/lam0.1/seed2_final.csv
LunarLander-v3,rule_periodic_k1,0.1,3,규칙(지문없음),-567.6401569731223,-560.9211569731219,67.19,1.0,67.19,100,0.63,0,results/raw/LunarLander-v3/rule_periodic_k1/lam0.1/seed3_final.csv
LunarLander-v3,rule_periodic_k1,0.1,4,규칙(지문없음),-585.334727707719,-578.6657277077187,66.69,1.0,66.69,100,0.61,0,results/raw/LunarLander-v3/rule_periodic_k1/lam0.1/seed4_final.csv
LunarLander-v3,rule_periodic_k1,0.1,5,규칙(지문없음),-592.520383957222,-585.8453839572215,66.75,1.0,66.75,100,0.6,0,results/raw/LunarLander-v3/rule_periodic_k1/lam0.1/seed5_final.csv
LunarLander-v3,rule_periodic_k1,0.1,6,규칙(지문없음),-588.6827055662544,-581.823705566254,68.59,1.0,68.59,100,0.61,0,results/raw/LunarLander-v3/rule_periodic_k1/lam0.1/seed6_final.csv
LunarLander-v3,rule_periodic_k1,0.1,7,규칙(지문없음),-580.4552133384229,-573.7912133384227,66.64,1.0,66.64,100,0.62,0,results/raw/LunarLander-v3/rule_periodic_k1/lam0.1/seed7_final.csv
LunarLander-v3,rule_periodic_k1,0.1,8,규칙(지문없음),-590.4149977839479,-583.7249977839475,66.9,1.0,66.9,100,0.62,0,results/raw/LunarLander-v3/rule_periodic_k1/lam0.1/seed8_final.csv
LunarLander-v3,rule_periodic_k1,0.1,9,규칙(지문없음),-589.9240100940278,-583.2030100940276,67.21,1.0,67.21,100,0.62,0,results/raw/LunarLander-v3/rule_periodic_k1/lam0.1/seed9_final.csv
LunarLander-v3,rule_periodic_k1,0.3,0,규칙(지문없음),-619.8723801499208,-599.4333801499201,68.13,1.0,68.13,100,0.64,0,results/raw/LunarLander-v3/rule_periodic_k1/lam0.3/seed0_final.csv
LunarLander-v3,rule_periodic_k1,0.3,1,규칙(지문없음),-595.6201239908827,-575.739123990882,66.27,1.0,66.27,100,0.65,0,results/raw/LunarLander-v3/rule_periodic_k1/lam0.3/seed1_final.csv
LunarLander-v3,rule_periodic_k1,0.3,2,규칙(지문없음),-608.1296309885139,-587.7806309885132,67.83,1.0,67.83,100,0.64,0,results/raw/LunarLander-v3/rule_periodic_k1/lam0.3/seed2_final.csv
LunarLander-v3,rule_periodic_k1,0.3,3,규칙(지문없음),-581.0781569731226,-560.9211569731219,67.19,1.0,67.19,100,0.61,0,results/raw/LunarLander-v3/rule_periodic_k1/lam0.3/seed3_final.csv
LunarLander-v3,rule_periodic_k1,0.3,4,규칙(지문없음),-598.6727277077192,-578.6657277077187,66.69,1.0,66.69,100,0.62,0,results/raw/LunarLander-v3/rule_periodic_k1/lam0.3/seed4_final.csv
LunarLander-v3,rule_periodic_k1,0.3,5,규칙(지문없음),-605.8703839572222,-585.8453839572215,66.75,1.0,66.75,100,0.62,0,results/raw/LunarLander-v3/rule_periodic_k1/lam0.3/seed5_final.csv
LunarLander-v3,rule_periodic_k1,0.3,6,규칙(지문없음),-602.4007055662546,-581.823705566254,68.59,1.0,68.59,100,0.63,0,results/raw/LunarLander-v3/rule_periodic_k1/lam0.3/seed6_final.csv
LunarLander-v3,rule_periodic_k1,0.3,7,규칙(지문없음),-593.7832133384233,-573.7912133384227,66.64,1.0,66.64,100,0.63,0,results/raw/LunarLander-v3/rule_periodic_k1/lam0.3/seed7_final.csv
LunarLander-v3,rule_periodic_k1,0.3,8,규칙(지문없음),-603.7949977839481,-583.7249977839475,66.9,1.0,66.9,100,0.61,0,results/raw/LunarLander-v3/rule_periodic_k1/lam0.3/seed8_final.csv
LunarLander-v3,rule_periodic_k1,0.3,9,규칙(지문없음),-603.3660100940281,-583.2030100940276,67.21,1.0,67.21,100,0.64,0,results/raw/LunarLander-v3/rule_periodic_k1/lam0.3/seed9_final.csv
LunarLander-v3,rule_periodic_k1,0.6,0,규칙(지문없음),-640.3113801499206,-599.4333801499201,68.13,1.0,68.13,100,0.61,0,results/raw/LunarLander-v3/rule_periodic_k1/lam0.6/seed0_final.csv
LunarLander-v3,rule_periodic_k1,0.6,1,규칙(지문없음),-615.5011239908824,-575.739123990882,66.27,1.0,66.27,100,0.61,0,results/raw/LunarLander-v3/rule_periodic_k1/lam0.6/seed1_final.csv
LunarLander-v3,rule_periodic_k1,0.6,2,규칙(지문없음),-628.4786309885136,-587.7806309885132,67.83,1.0,67.83,100,0.63,0,results/raw/LunarLander-v3/rule_periodic_k1/lam0.6/seed2_final.csv
LunarLander-v3,rule_periodic_k1,0.6,3,규칙(지문없음),-601.2351569731223,-560.9211569731219,67.19,1.0,67.19,100,0.62,0,results/raw/LunarLander-v3/rule_periodic_k1/lam0.6/seed3_final.csv
LunarLander-v3,rule_periodic_k1,0.6,4,규칙(지문없음),-618.679727707719,-578.6657277077187,66.69,1.0,66.69,100,0.61,0,results/raw/LunarLander-v3/rule_periodic_k1/lam0.6/seed4_final.csv
LunarLander-v3,rule_periodic_k1,0.6,5,규칙(지문없음),-625.895383957222,-585.8453839572215,66.75,1.0,66.75,100,0.61,0,results/raw/LunarLander-v3/rule_periodic_k1/lam0.6/seed5_final.csv
LunarLander-v3,rule_periodic_k1,0.6,6,규칙(지문없음),-622.9777055662544,-581.823705566254,68.59,1.0,68.59,100,0.64,0,results/raw/LunarLander-v3/rule_periodic_k1/lam0.6/seed6_final.csv
LunarLander-v3,rule_periodic_k1,0.6,7,규칙(지문없음),-613.7752133384231,-573.7912133384227,66.64,1.0,66.64,100,0.62,0,results/raw/LunarLander-v3/rule_periodic_k1/lam0.6/seed7_final.csv
LunarLander-v3,rule_periodic_k1,0.6,8,규칙(지문없음),-623.864997783948,-583.7249977839475,66.9,1.0,66.9,100,0.62,0,results/raw/LunarLander-v3/rule_periodic_k1/lam0.6/seed8_final.csv
LunarLander-v3,rule_periodic_k1,0.6,9,규칙(지문없음),-623.529010094028,-583.2030100940276,67.21,1.0,67.21,100,0.61,0,results/raw/LunarLander-v3/rule_periodic_k1/lam0.6/seed9_final.csv
LunarLander-v3,rule_periodic_k1,1.0,0,규칙(지문없음),-667.5633801499201,-599.4333801499201,68.13,1.0,68.13,100,0.62,0,results/raw/LunarLander-v3/rule_periodic_k1/lam1.0/seed0_final.csv
LunarLander-v3,rule_periodic_k1,1.0,1,규칙(지문없음),-642.0091239908819,-575.739123990882,66.27,1.0,66.27,100,0.59,0,results/raw/LunarLander-v3/rule_periodic_k1/lam1.0/seed1_final.csv
LunarLander-v3,rule_periodic_k1,1.0,2,규칙(지문없음),-655.6106309885131,-587.7806309885132,67.83,1.0,67.83,100,0.6,0,results/raw/LunarLander-v3/rule_periodic_k1/lam1.0/seed2_final.csv
LunarLander-v3,rule_periodic_k1,1.0,3,규칙(지문없음),-628.1111569731219,-560.9211569731219,67.19,1.0,67.19,100,0.63,0,results/raw/LunarLander-v3/rule_periodic_k1/lam1.0/seed3_final.csv
LunarLander-v3,rule_periodic_k1,1.0,4,규칙(지문없음),-645.3557277077185,-578.6657277077187,66.69,1.0,66.69,100,0.61,0,results/raw/LunarLander-v3/rule_periodic_k1/lam1.0/seed4_final.csv
LunarLander-v3,rule_periodic_k1,1.0,5,규칙(지문없음),-652.5953839572214,-585.8453839572215,66.75,1.0,66.75,100,0.59,0,results/raw/LunarLander-v3/rule_periodic_k1/lam1.0/seed5_final.csv
LunarLander-v3,rule_periodic_k1,1.0,6,규칙(지문없음),-650.4137055662538,-581.823705566254,68.59,1.0,68.59,100,0.62,0,results/raw/LunarLander-v3/rule_periodic_k1/lam1.0/seed6_final.csv
LunarLander-v3,rule_periodic_k1,1.0,7,규칙(지문없음),-640.4312133384226,-573.7912133384227,66.64,1.0,66.64,100,0.57,0,results/raw/LunarLander-v3/rule_periodic_k1/lam1.0/seed7_final.csv
LunarLander-v3,rule_periodic_k1,1.0,8,규칙(지문없음),-650.6249977839474,-583.7249977839475,66.9,1.0,66.9,100,0.59,0,results/raw/LunarLander-v3/rule_periodic_k1/lam1.0/seed8_final.csv
LunarLander-v3,rule_periodic_k1,1.0,9,규칙(지문없음),-650.4130100940274,-583.2030100940276,67.21,1.0,67.21,100,0.61,0,results/raw/LunarLander-v3/rule_periodic_k1/lam1.0/seed9_final.csv
LunarLander-v3,rule_periodic_k1,1.37,0,규칙(지문없음),-692.7714801499204,-599.4333801499201,68.13,1.0,68.13,100,0.61,0,results/raw/LunarLander-v3/rule_periodic_k1/lam1.37/seed0_final.csv
LunarLander-v3,rule_periodic_k1,1.37,1,규칙(지문없음),-666.5290239908823,-575.739123990882,66.27,1.0,66.27,100,0.63,0,results/raw/LunarLander-v3/rule_periodic_k1/lam1.37/seed1_final.csv
LunarLander-v3,rule_periodic_k1,1.37,2,규칙(지문없음),-680.7077309885132,-587.7806309885132,67.83,1.0,67.83,100,0.61,0,results/raw/LunarLander-v3/rule_periodic_k1/lam1.37/seed2_final.csv
LunarLander-v3,rule_periodic_k1,1.37,3,규칙(지문없음),-652.9714569731221,-560.9211569731219,67.19,1.0,67.19,100,0.59,0,results/raw/LunarLander-v3/rule_periodic_k1/lam1.37/seed3_final.csv
LunarLander-v3,rule_periodic_k1,1.37,4,규칙(지문없음),-670.0310277077187,-578.6657277077187,66.69,1.0,66.69,100,0.62,0,results/raw/LunarLander-v3/rule_periodic_k1/lam1.37/seed4_final.csv
LunarLander-v3,rule_periodic_k1,1.37,5,규칙(지문없음),-677.2928839572213,-585.8453839572215,66.75,1.0,66.75,100,0.64,0,results/raw/LunarLander-v3/rule_periodic_k1/lam1.37/seed5_final.csv
LunarLander-v3,rule_periodic_k1,1.37,6,규칙(지문없음),-675.792005566254,-581.823705566254,68.59,1.0,68.59,100,0.63,0,results/raw/LunarLander-v3/rule_periodic_k1/lam1.37/seed6_final.csv
LunarLander-v3,rule_periodic_k1,1.37,7,규칙(지문없음),-665.0880133384229,-573.7912133384227,66.64,1.0,66.64,100,0.61,0,results/raw/LunarLander-v3/rule_periodic_k1/lam1.37/seed7_final.csv
LunarLander-v3,rule_periodic_k1,1.37,8,규칙(지문없음),-675.3779977839476,-583.7249977839475,66.9,1.0,66.9,100,0.59,0,results/raw/LunarLander-v3/rule_periodic_k1/lam1.37/seed8_final.csv
LunarLander-v3,rule_periodic_k1,1.37,9,규칙(지문없음),-675.2807100940277,-583.2030100940276,67.21,1.0,67.21,100,0.61,0,results/raw/LunarLander-v3/rule_periodic_k1/lam1.37/seed9_final.csv
LunarLander-v3,rule_periodic_k1,2.0,0,규칙(지문없음),-735.6933801499201,-599.4333801499201,68.13,1.0,68.13,100,0.61,0,results/raw/LunarLander-v3/rule_periodic_k1/lam2.0/seed0_final.csv
LunarLander-v3,rule_periodic_k1,2.0,1,규칙(지문없음),-708.2791239908821,-575.739123990882,66.27,1.0,66.27,100,0.6,0,results/raw/LunarLander-v3/rule_periodic_k1/lam2.0/seed1_final.csv
LunarLander-v3,rule_periodic_k1,2.0,2,규칙(지문없음),-723.4406309885132,-587.7806309885132,67.83,1.0,67.83,100,0.61,0,results/raw/LunarLander-v3/rule_periodic_k1/lam2.0/seed2_final.csv
LunarLander-v3,rule_periodic_k1,2.0,3,규칙(지문없음),-695.3011569731218,-560.9211569731219,67.19,1.0,67.19,100,0.62,0,results/raw/LunarLander-v3/rule_periodic_k1/lam2.0/seed3_final.csv
LunarLander-v3,rule_periodic_k1,2.0,4,규칙(지문없음),-712.0457277077185,-578.6657277077187,66.69,1.0,66.69,100,0.61,0,results/raw/LunarLander-v3/rule_periodic_k1/lam2.0/seed4_final.csv
LunarLander-v3,rule_periodic_k1,2.0,5,규칙(지문없음),-719.3453839572212,-585.8453839572215,66.75,1.0,66.75,100,0.62,0,results/raw/LunarLander-v3/rule_periodic_k1/lam2.0/seed5_final.csv
LunarLander-v3,rule_periodic_k1,2.0,6,규칙(지문없음),-719.0037055662538,-581.823705566254,68.59,1.0,68.59,100,0.64,0,results/raw/LunarLander-v3/rule_periodic_k1/lam2.0/seed6_final.csv
LunarLander-v3,rule_periodic_k1,2.0,7,규칙(지문없음),-707.0712133384226,-573.7912133384227,66.64,1.0,66.64,100,0.6,0,results/raw/LunarLander-v3/rule_periodic_k1/lam2.0/seed7_final.csv
LunarLander-v3,rule_periodic_k1,2.0,8,규칙(지문없음),-717.5249977839476,-583.7249977839475,66.9,1.0,66.9,100,0.61,0,results/raw/LunarLander-v3/rule_periodic_k1/lam2.0/seed8_final.csv
LunarLander-v3,rule_periodic_k1,2.0,9,규칙(지문없음),-717.6230100940274,-583.2030100940276,67.21,1.0,67.21,100,0.63,0,results/raw/LunarLander-v3/rule_periodic_k1/lam2.0/seed9_final.csv
LunarLander-v3,rule_periodic_k1,3.0,0,규칙(지문없음),-803.8233801499201,-599.4333801499201,68.13,1.0,68.13,100,0.64,0,results/raw/LunarLander-v3/rule_periodic_k1/lam3.0/seed0_final.csv
LunarLander-v3,rule_periodic_k1,3.0,1,규칙(지문없음),-774.5491239908818,-575.739123990882,66.27,1.0,66.27,100,0.62,0,results/raw/LunarLander-v3/rule_periodic_k1/lam3.0/seed1_final.csv
LunarLander-v3,rule_periodic_k1,3.0,2,규칙(지문없음),-791.2706309885132,-587.7806309885132,67.83,1.0,67.83,100,0.65,0,results/raw/LunarLander-v3/rule_periodic_k1/lam3.0/seed2_final.csv
LunarLander-v3,rule_periodic_k1,3.0,3,규칙(지문없음),-762.4911569731216,-560.9211569731219,67.19,1.0,67.19,100,0.64,0,results/raw/LunarLander-v3/rule_periodic_k1/lam3.0/seed3_final.csv
LunarLander-v3,rule_periodic_k1,3.0,4,규칙(지문없음),-778.7357277077183,-578.6657277077187,66.69,1.0,66.69,100,0.63,0,results/raw/LunarLander-v3/rule_periodic_k1/lam3.0/seed4_final.csv
LunarLander-v3,rule_periodic_k1,3.0,5,규칙(지문없음),-786.0953839572212,-585.8453839572215,66.75,1.0,66.75,100,0.64,0,results/raw/LunarLander-v3/rule_periodic_k1/lam3.0/seed5_final.csv
LunarLander-v3,rule_periodic_k1,3.0,6,규칙(지문없음),-787.5937055662538,-581.823705566254,68.59,1.0,68.59,100,0.66,0,results/raw/LunarLander-v3/rule_periodic_k1/lam3.0/seed6_final.csv
LunarLander-v3,rule_periodic_k1,3.0,7,규칙(지문없음),-773.7112133384223,-573.7912133384227,66.64,1.0,66.64,100,0.63,0,results/raw/LunarLander-v3/rule_periodic_k1/lam3.0/seed7_final.csv
LunarLander-v3,rule_periodic_k1,3.0,8,규칙(지문없음),-784.4249977839474,-583.7249977839475,66.9,1.0,66.9,100,0.63,0,results/raw/LunarLander-v3/rule_periodic_k1/lam3.0/seed8_final.csv
LunarLander-v3,rule_periodic_k1,3.0,9,규칙(지문없음),-784.8330100940273,-583.2030100940276,67.21,1.0,67.21,100,0.61,0,results/raw/LunarLander-v3/rule_periodic_k1/lam3.0/seed9_final.csv
LunarLander-v3,rule_periodic_k2,0.0,0,규칙(지문없음),-371.9482314456307,-371.9482314456307,35.04,1.0,69.59,100,0.38,0,results/raw/LunarLander-v3/rule_periodic_k2/lam0.0/seed0_final.csv
LunarLander-v3,rule_periodic_k2,0.0,1,규칙(지문없음),-365.55677190832284,-365.55677190832284,34.08,1.0,67.6,100,0.39,0,results/raw/LunarLander-v3/rule_periodic_k2/lam0.0/seed1_final.csv
LunarLander-v3,rule_periodic_k2,0.0,2,규칙(지문없음),-372.7575933913291,-372.7575933913291,34.72,1.0,68.85,100,0.43,0,results/raw/LunarLander-v3/rule_periodic_k2/lam0.0/seed2_final.csv
LunarLander-v3,rule_periodic_k2,0.0,3,규칙(지문없음),-356.24223716007396,-356.24223716007396,34.04,1.0,67.59,100,0.32,0,results/raw/LunarLander-v3/rule_periodic_k2/lam0.0/seed3_final.csv
LunarLander-v3,rule_periodic_k2,0.0,4,규칙(지문없음),-372.3606786518589,-372.3606786518589,34.46,1.0,68.46,100,0.41,0,results/raw/LunarLander-v3/rule_periodic_k2/lam0.0/seed4_final.csv
LunarLander-v3,rule_periodic_k2,0.0,5,규칙(지문없음),-368.1900324860584,-368.1900324860584,33.97,1.0,67.48,100,0.48,0,results/raw/LunarLander-v3/rule_periodic_k2/lam0.0/seed5_final.csv
LunarLander-v3,rule_periodic_k2,0.0,6,규칙(지문없음),-372.08382706626026,-372.08382706626026,34.72,1.0,68.85,100,0.47,0,results/raw/LunarLander-v3/rule_periodic_k2/lam0.0/seed6_final.csv
LunarLander-v3,rule_periodic_k2,0.0,7,규칙(지문없음),-364.2135406425598,-364.2135406425598,33.83,1.0,67.22,100,0.48,0,results/raw/LunarLander-v3/rule_periodic_k2/lam0.0/seed7_final.csv
LunarLander-v3,rule_periodic_k2,0.0,8,규칙(지문없음),-373.038045956867,-373.038045956867,34.31,1.0,68.17,100,0.51,0,results/raw/LunarLander-v3/rule_periodic_k2/lam0.0/seed8_final.csv
LunarLander-v3,rule_periodic_k2,0.0,9,규칙(지문없음),-360.61294697999415,-360.61294697999415,34.26,1.0,68.05,100,0.48,0,results/raw/LunarLander-v3/rule_periodic_k2/lam0.0/seed9_final.csv
LunarLander-v3,rule_periodic_k2,0.1,0,규칙(지문없음),-375.45223144563073,-371.9482314456307,35.04,1.0,69.59,100,0.6,0,results/raw/LunarLander-v3/rule_periodic_k2/lam0.1/seed0_final.csv
LunarLander-v3,rule_periodic_k2,0.1,1,규칙(지문없음),-368.96477190832286,-365.55677190832284,34.08,1.0,67.6,100,0.58,0,results/raw/LunarLander-v3/rule_periodic_k2/lam0.1/seed1_final.csv
LunarLander-v3,rule_periodic_k2,0.1,2,규칙(지문없음),-376.22959339132905,-372.7575933913291,34.72,1.0,68.85,100,0.6,0,results/raw/LunarLander-v3/rule_periodic_k2/lam0.1/seed2_final.csv
LunarLander-v3,rule_periodic_k2,0.1,3,규칙(지문없음),-359.646237160074,-356.24223716007396,34.04,1.0,67.59,100,0.59,0,results/raw/LunarLander-v3/rule_periodic_k2/lam0.1/seed3_final.csv
LunarLander-v3,rule_periodic_k2,0.1,4,규칙(지문없음),-375.806678651859,-372.3606786518589,34.46,1.0,68.46,100,0.59,0,results/raw/LunarLander-v3/rule_periodic_k2/lam0.1/seed4_final.csv
LunarLander-v3,rule_periodic_k2,0.1,5,규칙(지문없음),-371.5870324860584,-368.1900324860584,33.97,1.0,67.48,100,0.59,0,results/raw/LunarLander-v3/rule_periodic_k2/lam0.1/seed5_final.csv
LunarLander-v3,rule_periodic_k2,0.1,6,규칙(지문없음),-375.5558270662603,-372.08382706626026,34.72,1.0,68.85,100,0.61,0,results/raw/LunarLander-v3/rule_periodic_k2/lam0.1/seed6_final.csv
LunarLander-v3,rule_periodic_k2,0.1,7,규칙(지문없음),-367.59654064255983,-364.2135406425598,33.83,1.0,67.22,100,0.58,0,results/raw/LunarLander-v3/rule_periodic_k2/lam0.1/seed7_final.csv
LunarLander-v3,rule_periodic_k2,0.1,8,규칙(지문없음),-376.46904595686703,-373.038045956867,34.31,1.0,68.17,100,0.58,0,results/raw/LunarLander-v3/rule_periodic_k2/lam0.1/seed8_final.csv
LunarLander-v3,rule_periodic_k2,0.1,9,규칙(지문없음),-364.03894697999414,-360.61294697999415,34.26,1.0,68.05,100,0.6,0,results/raw/LunarLander-v3/rule_periodic_k2/lam0.1/seed9_final.csv
LunarLander-v3,rule_periodic_k2,0.3,0,규칙(지문없음),-382.46023144563077,-371.9482314456307,35.04,1.0,69.59,100,0.6,0,results/raw/LunarLander-v3/rule_periodic_k2/lam0.3/seed0_final.csv
LunarLander-v3,rule_periodic_k2,0.3,1,규칙(지문없음),-375.780771908323,-365.55677190832284,34.08,1.0,67.6,100,0.59,0,results/raw/LunarLander-v3/rule_periodic_k2/lam0.3/seed1_final.csv
LunarLander-v3,rule_periodic_k2,0.3,2,규칙(지문없음),-383.1735933913291,-372.7575933913291,34.72,1.0,68.85,100,0.6,0,results/raw/LunarLander-v3/rule_periodic_k2/lam0.3/seed2_final.csv
LunarLander-v3,rule_periodic_k2,0.3,3,규칙(지문없음),-366.4542371600742,-356.24223716007396,34.04,1.0,67.59,100,0.59,0,results/raw/LunarLander-v3/rule_periodic_k2/lam0.3/seed3_final.csv
LunarLander-v3,rule_periodic_k2,0.3,4,규칙(지문없음),-382.6986786518591,-372.3606786518589,34.46,1.0,68.46,100,0.58,0,results/raw/LunarLander-v3/rule_periodic_k2/lam0.3/seed4_final.csv
LunarLander-v3,rule_periodic_k2,0.3,5,규칙(지문없음),-378.38103248605853,-368.1900324860584,33.97,1.0,67.48,100,0.54,0,results/raw/LunarLander-v3/rule_periodic_k2/lam0.3/seed5_final.csv
LunarLander-v3,rule_periodic_k2,0.3,6,규칙(지문없음),-382.4998270662604,-372.08382706626026,34.72,1.0,68.85,100,0.55,0,results/raw/LunarLander-v3/rule_periodic_k2/lam0.3/seed6_final.csv
LunarLander-v3,rule_periodic_k2,0.3,7,규칙(지문없음),-374.36254064255974,-364.2135406425598,33.83,1.0,67.22,100,0.59,0,results/raw/LunarLander-v3/rule_periodic_k2/lam0.3/seed7_final.csv
LunarLander-v3,rule_periodic_k2,0.3,8,규칙(지문없음),-383.3310459568672,-373.038045956867,34.31,1.0,68.17,100,0.57,0,results/raw/LunarLander-v3/rule_periodic_k2/lam0.3/seed8_final.csv
LunarLander-v3,rule_periodic_k2,0.3,9,규칙(지문없음),-370.89094697999417,-360.61294697999415,34.26,1.0,68.05,100,0.59,0,results/raw/LunarLander-v3/rule_periodic_k2/lam0.3/seed9_final.csv
LunarLander-v3,rule_periodic_k2,0.6,0,규칙(지문없음),-392.97223144563077,-371.9482314456307,35.04,1.0,69.59,100,0.62,0,results/raw/LunarLander-v3/rule_periodic_k2/lam0.6/seed0_final.csv
LunarLander-v3,rule_periodic_k2,0.6,1,규칙(지문없음),-386.0047719083229,-365.55677190832284,34.08,1.0,67.6,100,0.58,0,results/raw/LunarLander-v3/rule_periodic_k2/lam0.6/seed1_final.csv
LunarLander-v3,rule_periodic_k2,0.6,2,규칙(지문없음),-393.58959339132906,-372.7575933913291,34.72,1.0,68.85,100,0.63,0,results/raw/LunarLander-v3/rule_periodic_k2/lam0.6/seed2_final.csv
LunarLander-v3,rule_periodic_k2,0.6,3,규칙(지문없음),-376.666237160074,-356.24223716007396,34.04,1.0,67.59,100,0.67,0,results/raw/LunarLander-v3/rule_periodic_k2/lam0.6/seed3_final.csv
LunarLander-v3,rule_periodic_k2,0.6,4,규칙(지문없음),-393.0366786518589,-372.3606786518589,34.46,1.0,68.46,100,0.61,0,results/raw/LunarLander-v3/rule_periodic_k2/lam0.6/seed4_final.csv
LunarLander-v3,rule_periodic_k2,0.6,5,규칙(지문없음),-388.5720324860584,-368.1900324860584,33.97,1.0,67.48,100,0.57,0,results/raw/LunarLander-v3/rule_periodic_k2/lam0.6/seed5_final.csv
LunarLander-v3,rule_periodic_k2,0.6,6,규칙(지문없음),-392.9158270662603,-372.08382706626026,34.72,1.0,68.85,100,0.58,0,results/raw/LunarLander-v3/rule_periodic_k2/lam0.6/seed6_final.csv
LunarLander-v3,rule_periodic_k2,0.6,7,규칙(지문없음),-384.51154064255985,-364.2135406425598,33.83,1.0,67.22,100,0.57,0,results/raw/LunarLander-v3/rule_periodic_k2/lam0.6/seed7_final.csv
LunarLander-v3,rule_periodic_k2,0.6,8,규칙(지문없음),-393.62404595686706,-373.038045956867,34.31,1.0,68.17,100,0.59,0,results/raw/LunarLander-v3/rule_periodic_k2/lam0.6/seed8_final.csv
LunarLander-v3,rule_periodic_k2,0.6,9,규칙(지문없음),-381.16894697999413,-360.61294697999415,34.26,1.0,68.05,100,0.58,0,results/raw/LunarLander-v3/rule_periodic_k2/lam0.6/seed9_final.csv
LunarLander-v3,rule_periodic_k2,1.0,0,규칙(지문없음),-406.9882314456307,-371.9482314456307,35.04,1.0,69.59,100,0.59,0,results/raw/LunarLander-v3/rule_periodic_k2/lam1.0/seed0_final.csv
LunarLander-v3,rule_periodic_k2,1.0,1,규칙(지문없음),-399.6367719083228,-365.55677190832284,34.08,1.0,67.6,100,0.58,0,results/raw/LunarLander-v3/rule_periodic_k2/lam1.0/seed1_final.csv
LunarLander-v3,rule_periodic_k2,1.0,2,규칙(지문없음),-407.47759339132915,-372.7575933913291,34.72,1.0,68.85,100,0.58,0,results/raw/LunarLander-v3/rule_periodic_k2/lam1.0/seed2_final.csv
LunarLander-v3,rule_periodic_k2,1.0,3,규칙(지문없음),-390.282237160074,-356.24223716007396,34.04,1.0,67.59,100,0.59,0,results/raw/LunarLander-v3/rule_periodic_k2/lam1.0/seed3_final.csv
LunarLander-v3,rule_periodic_k2,1.0,4,규칙(지문없음),-406.8206786518589,-372.3606786518589,34.46,1.0,68.46,100,0.56,0,results/raw/LunarLander-v3/rule_periodic_k2/lam1.0/seed4_final.csv
LunarLander-v3,rule_periodic_k2,1.0,5,규칙(지문없음),-402.1600324860584,-368.1900324860584,33.97,1.0,67.48,100,0.56,0,results/raw/LunarLander-v3/rule_periodic_k2/lam1.0/seed5_final.csv
LunarLander-v3,rule_periodic_k2,1.0,6,규칙(지문없음),-406.8038270662603,-372.08382706626026,34.72,1.0,68.85,100,0.6,0,results/raw/LunarLander-v3/rule_periodic_k2/lam1.0/seed6_final.csv
LunarLander-v3,rule_periodic_k2,1.0,7,규칙(지문없음),-398.04354064255983,-364.2135406425598,33.83,1.0,67.22,100,0.58,0,results/raw/LunarLander-v3/rule_periodic_k2/lam1.0/seed7_final.csv
LunarLander-v3,rule_periodic_k2,1.0,8,규칙(지문없음),-407.348045956867,-373.038045956867,34.31,1.0,68.17,100,0.6,0,results/raw/LunarLander-v3/rule_periodic_k2/lam1.0/seed8_final.csv
LunarLander-v3,rule_periodic_k2,1.0,9,규칙(지문없음),-394.87294697999414,-360.61294697999415,34.26,1.0,68.05,100,0.62,0,results/raw/LunarLander-v3/rule_periodic_k2/lam1.0/seed9_final.csv
LunarLander-v3,rule_periodic_k2,1.37,0,규칙(지문없음),-419.95303144563076,-371.9482314456307,35.04,1.0,69.59,100,0.58,0,results/raw/LunarLander-v3/rule_periodic_k2/lam1.37/seed0_final.csv
LunarLander-v3,rule_periodic_k2,1.37,1,규칙(지문없음),-412.246371908323,-365.55677190832284,34.08,1.0,67.6,100,0.59,0,results/raw/LunarLander-v3/rule_periodic_k2/lam1.37/seed1_final.csv
LunarLander-v3,rule_periodic_k2,1.37,2,규칙(지문없음),-420.3239933913293,-372.7575933913291,34.72,1.0,68.85,100,0.61,0,results/raw/LunarLander-v3/rule_periodic_k2/lam1.37/seed2_final.csv
LunarLander-v3,rule_periodic_k2,1.37,3,규칙(지문없음),-402.87703716007417,-356.24223716007396,34.04,1.0,67.59,100,0.59,0,results/raw/LunarLander-v3/rule_periodic_k2/lam1.37/seed3_final.csv
LunarLander-v3,rule_periodic_k2,1.37,4,규칙(지문없음),-419.570878651859,-372.3606786518589,34.46,1.0,68.46,100,0.58,0,results/raw/LunarLander-v3/rule_periodic_k2/lam1.37/seed4_final.csv
LunarLander-v3,rule_periodic_k2,1.37,5,규칙(지문없음),-414.7289324860584,-368.1900324860584,33.97,1.0,67.48,100,0.56,0,results/raw/LunarLander-v3/rule_periodic_k2/lam1.37/seed5_final.csv
LunarLander-v3,rule_periodic_k2,1.37,6,규칙(지문없음),-419.6502270662604,-372.08382706626026,34.72,1.0,68.85,100,0.58,0,results/raw/LunarLander-v3/rule_periodic_k2/lam1.37/seed6_final.csv
LunarLander-v3,rule_periodic_k2,1.37,7,규칙(지문없음),-410.5606406425598,-364.2135406425598,33.83,1.0,67.22,100,0.56,0,results/raw/LunarLander-v3/rule_periodic_k2/lam1.37/seed7_final.csv
LunarLander-v3,rule_periodic_k2,1.37,8,규칙(지문없음),-420.04274595686707,-373.038045956867,34.31,1.0,68.17,100,0.57,0,results/raw/LunarLander-v3/rule_periodic_k2/lam1.37/seed8_final.csv
LunarLander-v3,rule_periodic_k2,1.37,9,규칙(지문없음),-407.54914697999425,-360.61294697999415,34.26,1.0,68.05,100,0.61,0,results/raw/LunarLander-v3/rule_periodic_k2/lam1.37/seed9_final.csv
LunarLander-v3,rule_periodic_k2,2.0,0,규칙(지문없음),-442.02823144563075,-371.9482314456307,35.04,1.0,69.59,100,0.59,0,results/raw/LunarLander-v3/rule_periodic_k2/lam2.0/seed0_final.csv
LunarLander-v3,rule_periodic_k2,2.0,1,규칙(지문없음),-433.71677190832287,-365.55677190832284,34.08,1.0,67.6,100,0.59,0,results/raw/LunarLander-v3/rule_periodic_k2/lam2.0/seed1_final.csv
LunarLander-v3,rule_periodic_k2,2.0,2,규칙(지문없음),-442.1975933913291,-372.7575933913291,34.72,1.0,68.85,100,0.6,0,results/raw/LunarLander-v3/rule_periodic_k2/lam2.0/seed2_final.csv
LunarLander-v3,rule_periodic_k2,2.0,3,규칙(지문없음),-424.32223716007405,-356.24223716007396,34.04,1.0,67.59,100,0.57,0,results/raw/LunarLander-v3/rule_periodic_k2/lam2.0/seed3_final.csv
LunarLander-v3,rule_periodic_k2,2.0,4,규칙(지문없음),-441.2806786518589,-372.3606786518589,34.46,1.0,68.46,100,0.58,0,results/raw/LunarLander-v3/rule_periodic_k2/lam2.0/seed4_final.csv
LunarLander-v3,rule_periodic_k2,2.0,5,규칙(지문없음),-436.1300324860584,-368.1900324860584,33.97,1.0,67.48,100,0.6,0,results/raw/LunarLander-v3/rule_periodic_k2/lam2.0/seed5_final.csv
LunarLander-v3,rule_periodic_k2,2.0,6,규칙(지문없음),-441.52382706626025,-372.08382706626026,34.72,1.0,68.85,100,0.6,0,results/raw/LunarLander-v3/rule_periodic_k2/lam2.0/seed6_final.csv
LunarLander-v3,rule_periodic_k2,2.0,7,규칙(지문없음),-431.8735406425598,-364.2135406425598,33.83,1.0,67.22,100,0.59,0,results/raw/LunarLander-v3/rule_periodic_k2/lam2.0/seed7_final.csv
LunarLander-v3,rule_periodic_k2,2.0,8,규칙(지문없음),-441.658045956867,-373.038045956867,34.31,1.0,68.17,100,0.58,0,results/raw/LunarLander-v3/rule_periodic_k2/lam2.0/seed8_final.csv
LunarLander-v3,rule_periodic_k2,2.0,9,규칙(지문없음),-429.13294697999413,-360.61294697999415,34.26,1.0,68.05,100,0.56,0,results/raw/LunarLander-v3/rule_periodic_k2/lam2.0/seed9_final.csv
LunarLander-v3,rule_periodic_k2,3.0,0,규칙(지문없음),-477.0682314456307,-371.9482314456307,35.04,1.0,69.59,100,0.55,0,results/raw/LunarLander-v3/rule_periodic_k2/lam3.0/seed0_final.csv
LunarLander-v3,rule_periodic_k2,3.0,1,규칙(지문없음),-467.79677190832285,-365.55677190832284,34.08,1.0,67.6,100,0.59,0,results/raw/LunarLander-v3/rule_periodic_k2/lam3.0/seed1_final.csv
LunarLander-v3,rule_periodic_k2,3.0,2,규칙(지문없음),-476.91759339132915,-372.7575933913291,34.72,1.0,68.85,100,0.59,0,results/raw/LunarLander-v3/rule_periodic_k2/lam3.0/seed2_final.csv
LunarLander-v3,rule_periodic_k2,3.0,3,규칙(지문없음),-458.3622371600741,-356.24223716007396,34.04,1.0,67.59,100,0.6,0,results/raw/LunarLander-v3/rule_periodic_k2/lam3.0/seed3_final.csv
LunarLander-v3,rule_periodic_k2,3.0,4,규칙(지문없음),-475.7406786518589,-372.3606786518589,34.46,1.0,68.46,100,0.6,0,results/raw/LunarLander-v3/rule_periodic_k2/lam3.0/seed4_final.csv
LunarLander-v3,rule_periodic_k2,3.0,5,규칙(지문없음),-470.1000324860584,-368.1900324860584,33.97,1.0,67.48,100,0.56,0,results/raw/LunarLander-v3/rule_periodic_k2/lam3.0/seed5_final.csv
LunarLander-v3,rule_periodic_k2,3.0,6,규칙(지문없음),-476.2438270662601,-372.08382706626026,34.72,1.0,68.85,100,0.57,0,results/raw/LunarLander-v3/rule_periodic_k2/lam3.0/seed6_final.csv
LunarLander-v3,rule_periodic_k2,3.0,7,규칙(지문없음),-465.7035406425598,-364.2135406425598,33.83,1.0,67.22,100,0.56,0,results/raw/LunarLander-v3/rule_periodic_k2/lam3.0/seed7_final.csv
LunarLander-v3,rule_periodic_k2,3.0,8,규칙(지문없음),-475.968045956867,-373.038045956867,34.31,1.0,68.17,100,0.59,0,results/raw/LunarLander-v3/rule_periodic_k2/lam3.0/seed8_final.csv
LunarLander-v3,rule_periodic_k2,3.0,9,규칙(지문없음),-463.3929469799942,-360.61294697999415,34.26,1.0,68.05,100,0.59,0,results/raw/LunarLander-v3/rule_periodic_k2/lam3.0/seed9_final.csv
LunarLander-v3,rule_periodic_k4,0.0,0,규칙(지문없음),-231.69562490489142,-231.69562490489142,18.27,1.0,71.73,100,0.53,0,results/raw/LunarLander-v3/rule_periodic_k4/lam0.0/seed0_final.csv
LunarLander-v3,rule_periodic_k4,0.0,1,규칙(지문없음),-233.74649082826315,-233.74649082826315,17.77,1.0,69.76,100,0.56,0,results/raw/LunarLander-v3/rule_periodic_k4/lam0.0/seed1_final.csv
LunarLander-v3,rule_periodic_k4,0.0,2,규칙(지문없음),-231.2227500972207,-231.2227500972207,18.0,1.0,70.35,100,0.51,0,results/raw/LunarLander-v3/rule_periodic_k4/lam0.0/seed2_final.csv
LunarLander-v3,rule_periodic_k4,0.0,3,규칙(지문없음),-232.01136354916346,-232.01136354916346,18.06,1.0,70.8,100,0.51,0,results/raw/LunarLander-v3/rule_periodic_k4/lam0.0/seed3_final.csv
LunarLander-v3,rule_periodic_k4,0.0,4,규칙(지문없음),-233.7595594892253,-233.7595594892253,17.95,1.0,70.39,100,0.56,0,results/raw/LunarLander-v3/rule_periodic_k4/lam0.0/seed4_final.csv
LunarLander-v3,rule_periodic_k4,0.0,5,규칙(지문없음),-237.42072637987795,-237.42072637987795,17.69,1.0,69.17,100,0.51,0,results/raw/LunarLander-v3/rule_periodic_k4/lam0.0/seed5_final.csv
LunarLander-v3,rule_periodic_k4,0.0,6,규칙(지문없음),-237.20491054014738,-237.20491054014738,18.25,1.0,71.31,100,0.52,0,results/raw/LunarLander-v3/rule_periodic_k4/lam0.0/seed6_final.csv
LunarLander-v3,rule_periodic_k4,0.0,7,규칙(지문없음),-229.58222898764845,-229.58222898764845,17.89,1.0,69.79,100,0.63,0,results/raw/LunarLander-v3/rule_periodic_k4/lam0.0/seed7_final.csv
LunarLander-v3,rule_periodic_k4,0.0,8,규칙(지문없음),-240.8980885605219,-240.8980885605219,17.98,1.0,70.4,100,0.61,0,results/raw/LunarLander-v3/rule_periodic_k4/lam0.0/seed8_final.csv
LunarLander-v3,rule_periodic_k4,0.0,9,규칙(지문없음),-231.96942463024948,-231.96942463024948,17.9,1.0,70.14,100,0.63,0,results/raw/LunarLander-v3/rule_periodic_k4/lam0.0/seed9_final.csv
LunarLander-v3,rule_periodic_k4,0.1,0,규칙(지문없음),-233.5226249048914,-231.69562490489142,18.27,1.0,71.73,100,0.62,0,results/raw/LunarLander-v3/rule_periodic_k4/lam0.1/seed0_final.csv
LunarLander-v3,rule_periodic_k4,0.1,1,규칙(지문없음),-235.5234908282631,-233.74649082826315,17.77,1.0,69.76,100,0.6,0,results/raw/LunarLander-v3/rule_periodic_k4/lam0.1/seed1_final.csv
LunarLander-v3,rule_periodic_k4,0.1,2,규칙(지문없음),-233.02275009722067,-231.2227500972207,18.0,1.0,70.35,100,0.58,0,results/raw/LunarLander-v3/rule_periodic_k4/lam0.1/seed2_final.csv
LunarLander-v3,rule_periodic_k4,0.1,3,규칙(지문없음),-233.81736354916345,-232.01136354916346,18.06,1.0,70.8,100,0.64,0,results/raw/LunarLander-v3/rule_periodic_k4/lam0.1/seed3_final.csv
LunarLander-v3,rule_periodic_k4,0.1,4,규칙(지문없음),-235.5545594892253,-233.7595594892253,17.95,1.0,70.39,100,0.63,0,results/raw/LunarLander-v3/rule_periodic_k4/lam0.1/seed4_final.csv
LunarLander-v3,rule_periodic_k4,0.1,5,규칙(지문없음),-239.18972637987798,-237.42072637987795,17.69,1.0,69.17,100,0.59,0,results/raw/LunarLander-v3/rule_periodic_k4/lam0.1/seed5_final.csv
LunarLander-v3,rule_periodic_k4,0.1,6,규칙(지문없음),-239.02991054014737,-237.20491054014738,18.25,1.0,71.31,100,0.65,0,results/raw/LunarLander-v3/rule_periodic_k4/lam0.1/seed6_final.csv
LunarLander-v3,rule_periodic_k4,0.1,7,규칙(지문없음),-231.37122898764846,-229.58222898764845,17.89,1.0,69.79,100,0.77,0,results/raw/LunarLander-v3/rule_periodic_k4/lam0.1/seed7_final.csv
LunarLander-v3,rule_periodic_k4,0.1,8,규칙(지문없음),-242.69608856052196,-240.8980885605219,17.98,1.0,70.4,100,0.8,0,results/raw/LunarLander-v3/rule_periodic_k4/lam0.1/seed8_final.csv
LunarLander-v3,rule_periodic_k4,0.1,9,규칙(지문없음),-233.7594246302495,-231.96942463024948,17.9,1.0,70.14,100,0.84,0,results/raw/LunarLander-v3/rule_periodic_k4/lam0.1/seed9_final.csv
LunarLander-v3,rule_periodic_k4,0.3,0,규칙(지문없음),-237.17662490489144,-231.69562490489142,18.27,1.0,71.73,100,0.6,0,results/raw/LunarLander-v3/rule_periodic_k4/lam0.3/seed0_final.csv
LunarLander-v3,rule_periodic_k4,0.3,1,규칙(지문없음),-239.0774908282632,-233.74649082826315,17.77,1.0,69.76,100,0.6,0,results/raw/LunarLander-v3/rule_periodic_k4/lam0.3/seed1_final.csv
LunarLander-v3,rule_periodic_k4,0.3,2,규칙(지문없음),-236.62275009722066,-231.2227500972207,18.0,1.0,70.35,100,0.62,0,results/raw/LunarLander-v3/rule_periodic_k4/lam0.3/seed2_final.csv
LunarLander-v3,rule_periodic_k4,0.3,3,규칙(지문없음),-237.42936354916347,-232.01136354916346,18.06,1.0,70.8,100,0.62,0,results/raw/LunarLander-v3/rule_periodic_k4/lam0.3/seed3_final.csv
LunarLander-v3,rule_periodic_k4,0.3,4,규칙(지문없음),-239.14455948922526,-233.7595594892253,17.95,1.0,70.39,100,0.6,0,results/raw/LunarLander-v3/rule_periodic_k4/lam0.3/seed4_final.csv
LunarLander-v3,rule_periodic_k4,0.3,5,규칙(지문없음),-242.72772637987796,-237.42072637987795,17.69,1.0,69.17,100,0.6,0,results/raw/LunarLander-v3/rule_periodic_k4/lam0.3/seed5_final.csv
LunarLander-v3,rule_periodic_k4,0.3,6,규칙(지문없음),-242.67991054014743,-237.20491054014738,18.25,1.0,71.31,100,0.61,0,results/raw/LunarLander-v3/rule_periodic_k4/lam0.3/seed6_final.csv
LunarLander-v3,rule_periodic_k4,0.3,7,규칙(지문없음),-234.9492289876485,-229.58222898764845,17.89,1.0,69.79,100,0.59,0,results/raw/LunarLander-v3/rule_periodic_k4/lam0.3/seed7_final.csv
LunarLander-v3,rule_periodic_k4,0.3,8,규칙(지문없음),-246.2920885605219,-240.8980885605219,17.98,1.0,70.4,100,0.62,0,results/raw/LunarLander-v3/rule_periodic_k4/lam0.3/seed8_final.csv
LunarLander-v3,rule_periodic_k4,0.3,9,규칙(지문없음),-237.33942463024957,-231.96942463024948,17.9,1.0,70.14,100,0.59,0,results/raw/LunarLander-v3/rule_periodic_k4/lam0.3/seed9_final.csv
LunarLander-v3,rule_periodic_k4,0.6,0,규칙(지문없음),-242.65762490489138,-231.69562490489142,18.27,1.0,71.73,100,0.62,0,results/raw/LunarLander-v3/rule_periodic_k4/lam0.6/seed0_final.csv
LunarLander-v3,rule_periodic_k4,0.6,1,규칙(지문없음),-244.4084908282631,-233.74649082826315,17.77,1.0,69.76,100,0.59,0,results/raw/LunarLander-v3/rule_periodic_k4/lam0.6/seed1_final.csv
LunarLander-v3,rule_periodic_k4,0.6,2,규칙(지문없음),-242.02275009722067,-231.2227500972207,18.0,1.0,70.35,100,0.58,0,results/raw/LunarLander-v3/rule_periodic_k4/lam0.6/seed2_final.csv
LunarLander-v3,rule_periodic_k4,0.6,3,규칙(지문없음),-242.84736354916345,-232.01136354916346,18.06,1.0,70.8,100,0.6,0,results/raw/LunarLander-v3/rule_periodic_k4/lam0.6/seed3_final.csv
LunarLander-v3,rule_periodic_k4,0.6,4,규칙(지문없음),-244.52955948922533,-233.7595594892253,17.95,1.0,70.39,100,0.57,0,results/raw/LunarLander-v3/rule_periodic_k4/lam0.6/seed4_final.csv
LunarLander-v3,rule_periodic_k4,0.6,5,규칙(지문없음),-248.03472637987798,-237.42072637987795,17.69,1.0,69.17,100,0.59,0,results/raw/LunarLander-v3/rule_periodic_k4/lam0.6/seed5_final.csv
LunarLander-v3,rule_periodic_k4,0.6,6,규칙(지문없음),-248.15491054014737,-237.20491054014738,18.25,1.0,71.31,100,0.6,0,results/raw/LunarLander-v3/rule_periodic_k4/lam0.6/seed6_final.csv
LunarLander-v3,rule_periodic_k4,0.6,7,규칙(지문없음),-240.31622898764846,-229.58222898764845,17.89,1.0,69.79,100,0.61,0,results/raw/LunarLander-v3/rule_periodic_k4/lam0.6/seed7_final.csv
LunarLander-v3,rule_periodic_k4,0.6,8,규칙(지문없음),-251.68608856052197,-240.8980885605219,17.98,1.0,70.4,100,0.59,0,results/raw/LunarLander-v3/rule_periodic_k4/lam0.6/seed8_final.csv
LunarLander-v3,rule_periodic_k4,0.6,9,규칙(지문없음),-242.70942463024946,-231.96942463024948,17.9,1.0,70.14,100,0.59,0,results/raw/LunarLander-v3/rule_periodic_k4/lam0.6/seed9_final.csv
LunarLander-v3,rule_periodic_k4,1.0,0,규칙(지문없음),-249.96562490489137,-231.69562490489142,18.27,1.0,71.73,100,0.59,0,results/raw/LunarLander-v3/rule_periodic_k4/lam1.0/seed0_final.csv
LunarLander-v3,rule_periodic_k4,1.0,1,규칙(지문없음),-251.5164908282632,-233.74649082826315,17.77,1.0,69.76,100,0.58,0,results/raw/LunarLander-v3/rule_periodic_k4/lam1.0/seed1_final.csv
LunarLander-v3,rule_periodic_k4,1.0,2,규칙(지문없음),-249.2227500972207,-231.2227500972207,18.0,1.0,70.35,100,0.58,0,results/raw/LunarLander-v3/rule_periodic_k4/lam1.0/seed2_final.csv
LunarLander-v3,rule_periodic_k4,1.0,3,규칙(지문없음),-250.07136354916346,-232.01136354916346,18.06,1.0,70.8,100,0.6,0,results/raw/LunarLander-v3/rule_periodic_k4/lam1.0/seed3_final.csv
LunarLander-v3,rule_periodic_k4,1.0,4,규칙(지문없음),-251.70955948922528,-233.7595594892253,17.95,1.0,70.39,100,0.58,0,results/raw/LunarLander-v3/rule_periodic_k4/lam1.0/seed4_final.csv
LunarLander-v3,rule_periodic_k4,1.0,5,규칙(지문없음),-255.11072637987797,-237.42072637987795,17.69,1.0,69.17,100,0.58,0,results/raw/LunarLander-v3/rule_periodic_k4/lam1.0/seed5_final.csv
LunarLander-v3,rule_periodic_k4,1.0,6,규칙(지문없음),-255.45491054014738,-237.20491054014738,18.25,1.0,71.31,100,0.61,0,results/raw/LunarLander-v3/rule_periodic_k4/lam1.0/seed6_final.csv
LunarLander-v3,rule_periodic_k4,1.0,7,규칙(지문없음),-247.4722289876485,-229.58222898764845,17.89,1.0,69.79,100,0.58,0,results/raw/LunarLander-v3/rule_periodic_k4/lam1.0/seed7_final.csv
LunarLander-v3,rule_periodic_k4,1.0,8,규칙(지문없음),-258.8780885605219,-240.8980885605219,17.98,1.0,70.4,100,0.6,0,results/raw/LunarLander-v3/rule_periodic_k4/lam1.0/seed8_final.csv
LunarLander-v3,rule_periodic_k4,1.0,9,규칙(지문없음),-249.86942463024948,-231.96942463024948,17.9,1.0,70.14,100,0.62,0,results/raw/LunarLander-v3/rule_periodic_k4/lam1.0/seed9_final.csv
LunarLander-v3,rule_periodic_k4,1.37,0,규칙(지문없음),-256.7255249048914,-231.69562490489142,18.27,1.0,71.73,100,0.61,0,results/raw/LunarLander-v3/rule_periodic_k4/lam1.37/seed0_final.csv
LunarLander-v3,rule_periodic_k4,1.37,1,규칙(지문없음),-258.09139082826323,-233.74649082826315,17.77,1.0,69.76,100,0.57,0,results/raw/LunarLander-v3/rule_periodic_k4/lam1.37/seed1_final.csv
LunarLander-v3,rule_periodic_k4,1.37,2,규칙(지문없음),-255.8827500972207,-231.2227500972207,18.0,1.0,70.35,100,0.57,0,results/raw/LunarLander-v3/rule_periodic_k4/lam1.37/seed2_final.csv
LunarLander-v3,rule_periodic_k4,1.37,3,규칙(지문없음),-256.7535635491635,-232.01136354916346,18.06,1.0,70.8,100,0.61,0,results/raw/LunarLander-v3/rule_periodic_k4/lam1.37/seed3_final.csv
LunarLander-v3,rule_periodic_k4,1.37,4,규칙(지문없음),-258.35105948922535,-233.7595594892253,17.95,1.0,70.39,100,0.58,0,results/raw/LunarLander-v3/rule_periodic_k4/lam1.37/seed4_final.csv
LunarLander-v3,rule_periodic_k4,1.37,5,규칙(지문없음),-261.656026379878,-237.42072637987795,17.69,1.0,69.17,100,0.56,0,results/raw/LunarLander-v3/rule_periodic_k4/lam1.37/seed5_final.csv
LunarLander-v3,rule_periodic_k4,1.37,6,규칙(지문없음),-262.2074105401474,-237.20491054014738,18.25,1.0,71.31,100,0.6,0,results/raw/LunarLander-v3/rule_periodic_k4/lam1.37/seed6_final.csv
LunarLander-v3,rule_periodic_k4,1.37,7,규칙(지문없음),-254.0915289876485,-229.58222898764845,17.89,1.0,69.79,100,0.61,0,results/raw/LunarLander-v3/rule_periodic_k4/lam1.37/seed7_final.csv
LunarLander-v3,rule_periodic_k4,1.37,8,규칙(지문없음),-265.5306885605219,-240.8980885605219,17.98,1.0,70.4,100,0.59,0,results/raw/LunarLander-v3/rule_periodic_k4/lam1.37/seed8_final.csv
LunarLander-v3,rule_periodic_k4,1.37,9,규칙(지문없음),-256.4924246302495,-231.96942463024948,17.9,1.0,70.14,100,0.59,0,results/raw/LunarLander-v3/rule_periodic_k4/lam1.37/seed9_final.csv
LunarLander-v3,rule_periodic_k4,2.0,0,규칙(지문없음),-268.23562490489144,-231.69562490489142,18.27,1.0,71.73,100,0.59,0,results/raw/LunarLander-v3/rule_periodic_k4/lam2.0/seed0_final.csv
LunarLander-v3,rule_periodic_k4,2.0,1,규칙(지문없음),-269.28649082826314,-233.74649082826315,17.77,1.0,69.76,100,0.59,0,results/raw/LunarLander-v3/rule_periodic_k4/lam2.0/seed1_final.csv
LunarLander-v3,rule_periodic_k4,2.0,2,규칙(지문없음),-267.2227500972207,-231.2227500972207,18.0,1.0,70.35,100,0.61,0,results/raw/LunarLander-v3/rule_periodic_k4/lam2.0/seed2_final.csv
LunarLander-v3,rule_periodic_k4,2.0,3,규칙(지문없음),-268.13136354916344,-232.01136354916346,18.06,1.0,70.8,100,0.61,0,results/raw/LunarLander-v3/rule_periodic_k4/lam2.0/seed3_final.csv
LunarLander-v3,rule_periodic_k4,2.0,4,규칙(지문없음),-269.6595594892253,-233.7595594892253,17.95,1.0,70.39,100,0.58,0,results/raw/LunarLander-v3/rule_periodic_k4/lam2.0/seed4_final.csv
LunarLander-v3,rule_periodic_k4,2.0,5,규칙(지문없음),-272.800726379878,-237.42072637987795,17.69,1.0,69.17,100,0.6,0,results/raw/LunarLander-v3/rule_periodic_k4/lam2.0/seed5_final.csv
LunarLander-v3,rule_periodic_k4,2.0,6,규칙(지문없음),-273.7049105401474,-237.20491054014738,18.25,1.0,71.31,100,0.6,0,results/raw/LunarLander-v3/rule_periodic_k4/lam2.0/seed6_final.csv
LunarLander-v3,rule_periodic_k4,2.0,7,규칙(지문없음),-265.3622289876485,-229.58222898764845,17.89,1.0,69.79,100,0.61,0,results/raw/LunarLander-v3/rule_periodic_k4/lam2.0/seed7_final.csv
LunarLander-v3,rule_periodic_k4,2.0,8,규칙(지문없음),-276.8580885605219,-240.8980885605219,17.98,1.0,70.4,100,0.61,0,results/raw/LunarLander-v3/rule_periodic_k4/lam2.0/seed8_final.csv
LunarLander-v3,rule_periodic_k4,2.0,9,규칙(지문없음),-267.7694246302495,-231.96942463024948,17.9,1.0,70.14,100,0.6,0,results/raw/LunarLander-v3/rule_periodic_k4/lam2.0/seed9_final.csv
LunarLander-v3,rule_periodic_k4,3.0,0,규칙(지문없음),-286.50562490489136,-231.69562490489142,18.27,1.0,71.73,100,0.6,0,results/raw/LunarLander-v3/rule_periodic_k4/lam3.0/seed0_final.csv
LunarLander-v3,rule_periodic_k4,3.0,1,규칙(지문없음),-287.0564908282632,-233.74649082826315,17.77,1.0,69.76,100,0.59,0,results/raw/LunarLander-v3/rule_periodic_k4/lam3.0/seed1_final.csv
LunarLander-v3,rule_periodic_k4,3.0,2,규칙(지문없음),-285.2227500972207,-231.2227500972207,18.0,1.0,70.35,100,0.55,0,results/raw/LunarLander-v3/rule_periodic_k4/lam3.0/seed2_final.csv
LunarLander-v3,rule_periodic_k4,3.0,3,규칙(지문없음),-286.1913635491635,-232.01136354916346,18.06,1.0,70.8,100,0.54,0,results/raw/LunarLander-v3/rule_periodic_k4/lam3.0/seed3_final.csv
LunarLander-v3,rule_periodic_k4,3.0,4,규칙(지문없음),-287.60955948922526,-233.7595594892253,17.95,1.0,70.39,100,0.59,0,results/raw/LunarLander-v3/rule_periodic_k4/lam3.0/seed4_final.csv
LunarLander-v3,rule_periodic_k4,3.0,5,규칙(지문없음),-290.49072637987797,-237.42072637987795,17.69,1.0,69.17,100,0.59,0,results/raw/LunarLander-v3/rule_periodic_k4/lam3.0/seed5_final.csv
LunarLander-v3,rule_periodic_k4,3.0,6,규칙(지문없음),-291.9549105401474,-237.20491054014738,18.25,1.0,71.31,100,0.62,0,results/raw/LunarLander-v3/rule_periodic_k4/lam3.0/seed6_final.csv
LunarLander-v3,rule_periodic_k4,3.0,7,규칙(지문없음),-283.25222898764844,-229.58222898764845,17.89,1.0,69.79,100,0.62,0,results/raw/LunarLander-v3/rule_periodic_k4/lam3.0/seed7_final.csv
LunarLander-v3,rule_periodic_k4,3.0,8,규칙(지문없음),-294.8380885605219,-240.8980885605219,17.98,1.0,70.4,100,0.55,0,results/raw/LunarLander-v3/rule_periodic_k4/lam3.0/seed8_final.csv
LunarLander-v3,rule_periodic_k4,3.0,9,규칙(지문없음),-285.66942463024947,-231.96942463024948,17.9,1.0,70.14,100,0.6,0,results/raw/LunarLander-v3/rule_periodic_k4/lam3.0/seed9_final.csv
LunarLander-v3,rule_periodic_k8,0.0,0,규칙(지문없음),-166.40537163293968,-166.40537163293968,9.39,1.0,71.77,100,0.56,0,results/raw/LunarLander-v3/rule_periodic_k8/lam0.0/seed0_final.csv
LunarLander-v3,rule_periodic_k8,0.0,1,규칙(지문없음),-169.6198265717181,-169.6198265717181,9.23,1.0,70.36,100,0.57,0,results/raw/LunarLander-v3/rule_periodic_k8/lam0.0/seed1_final.csv
LunarLander-v3,rule_periodic_k8,0.0,2,규칙(지문없음),-171.16919706073722,-171.16919706073722,9.3,1.0,71.34,100,0.6,0,results/raw/LunarLander-v3/rule_periodic_k8/lam0.0/seed2_final.csv
LunarLander-v3,rule_periodic_k8,0.0,3,규칙(지문없음),-165.3756112329281,-165.3756112329281,9.23,1.0,70.23,100,0.59,0,results/raw/LunarLander-v3/rule_periodic_k8/lam0.0/seed3_final.csv
LunarLander-v3,rule_periodic_k8,0.0,4,규칙(지문없음),-170.54451635428464,-170.54451635428464,9.18,1.0,69.85,100,0.56,0,results/raw/LunarLander-v3/rule_periodic_k8/lam0.0/seed4_final.csv
LunarLander-v3,rule_periodic_k8,0.0,5,규칙(지문없음),-175.45086198913458,-175.45086198913458,9.15,1.0,69.8,100,0.56,0,results/raw/LunarLander-v3/rule_periodic_k8/lam0.0/seed5_final.csv
LunarLander-v3,rule_periodic_k8,0.0,6,규칙(지문없음),-170.64047835138936,-170.64047835138936,9.33,1.0,70.44,100,0.58,0,results/raw/LunarLander-v3/rule_periodic_k8/lam0.0/seed6_final.csv
LunarLander-v3,rule_periodic_k8,0.0,7,규칙(지문없음),-179.19220034843406,-179.19220034843406,9.25,1.0,70.44,100,0.58,0,results/raw/LunarLander-v3/rule_periodic_k8/lam0.0/seed7_final.csv
LunarLander-v3,rule_periodic_k8,0.0,8,규칙(지문없음),-176.9967845132196,-176.9967845132196,9.21,1.0,70.6,100,0.6,0,results/raw/LunarLander-v3/rule_periodic_k8/lam0.0/seed8_final.csv
LunarLander-v3,rule_periodic_k8,0.0,9,규칙(지문없음),-168.7869303534002,-168.7869303534002,9.23,1.0,70.43,100,0.6,0,results/raw/LunarLander-v3/rule_periodic_k8/lam0.0/seed9_final.csv
LunarLander-v3,rule_periodic_k8,0.1,0,규칙(지문없음),-167.34437163293967,-166.40537163293968,9.39,1.0,71.77,100,0.76,0,results/raw/LunarLander-v3/rule_periodic_k8/lam0.1/seed0_final.csv
LunarLander-v3,rule_periodic_k8,0.1,1,규칙(지문없음),-170.54282657171814,-169.6198265717181,9.23,1.0,70.36,100,0.61,0,results/raw/LunarLander-v3/rule_periodic_k8/lam0.1/seed1_final.csv
LunarLander-v3,rule_periodic_k8,0.1,2,규칙(지문없음),-172.0991970607372,-171.16919706073722,9.3,1.0,71.34,100,0.61,0,results/raw/LunarLander-v3/rule_periodic_k8/lam0.1/seed2_final.csv
LunarLander-v3,rule_periodic_k8,0.1,3,규칙(지문없음),-166.2986112329281,-165.3756112329281,9.23,1.0,70.23,100,0.62,0,results/raw/LunarLander-v3/rule_periodic_k8/lam0.1/seed3_final.csv
LunarLander-v3,rule_periodic_k8,0.1,4,규칙(지문없음),-171.46251635428465,-170.54451635428464,9.18,1.0,69.85,100,0.61,0,results/raw/LunarLander-v3/rule_periodic_k8/lam0.1/seed4_final.csv
LunarLander-v3,rule_periodic_k8,0.1,5,규칙(지문없음),-176.36586198913457,-175.45086198913458,9.15,1.0,69.8,100,0.62,0,results/raw/LunarLander-v3/rule_periodic_k8/lam0.1/seed5_final.csv
LunarLander-v3,rule_periodic_k8,0.1,6,규칙(지문없음),-171.57347835138933,-170.64047835138936,9.33,1.0,70.44,100,0.69,0,results/raw/LunarLander-v3/rule_periodic_k8/lam0.1/seed6_final.csv
LunarLander-v3,rule_periodic_k8,0.1,7,규칙(지문없음),-180.1172003484341,-179.19220034843406,9.25,1.0,70.44,100,0.75,0,results/raw/LunarLander-v3/rule_periodic_k8/lam0.1/seed7_final.csv
LunarLander-v3,rule_periodic_k8,0.1,8,규칙(지문없음),-177.91778451321963,-176.9967845132196,9.21,1.0,70.6,100,0.68,0,results/raw/LunarLander-v3/rule_periodic_k8/lam0.1/seed8_final.csv
LunarLander-v3,rule_periodic_k8,0.1,9,규칙(지문없음),-169.70993035340018,-168.7869303534002,9.23,1.0,70.43,100,0.65,0,results/raw/LunarLander-v3/rule_periodic_k8/lam0.1/seed9_final.csv
LunarLander-v3,rule_periodic_k8,0.3,0,규칙(지문없음),-169.22237163293968,-166.40537163293968,9.39,1.0,71.77,100,0.6,0,results/raw/LunarLander-v3/rule_periodic_k8/lam0.3/seed0_final.csv
LunarLander-v3,rule_periodic_k8,0.3,1,규칙(지문없음),-172.38882657171817,-169.6198265717181,9.23,1.0,70.36,100,0.61,0,results/raw/LunarLander-v3/rule_periodic_k8/lam0.3/seed1_final.csv
LunarLander-v3,rule_periodic_k8,0.3,2,규칙(지문없음),-173.9591970607372,-171.16919706073722,9.3,1.0,71.34,100,0.61,0,results/raw/LunarLander-v3/rule_periodic_k8/lam0.3/seed2_final.csv
LunarLander-v3,rule_periodic_k8,0.3,3,규칙(지문없음),-168.1446112329281,-165.3756112329281,9.23,1.0,70.23,100,0.63,0,results/raw/LunarLander-v3/rule_periodic_k8/lam0.3/seed3_final.csv
LunarLander-v3,rule_periodic_k8,0.3,4,규칙(지문없음),-173.2985163542847,-170.54451635428464,9.18,1.0,69.85,100,0.62,0,results/raw/LunarLander-v3/rule_periodic_k8/lam0.3/seed4_final.csv
LunarLander-v3,rule_periodic_k8,0.3,5,규칙(지문없음),-178.19586198913458,-175.45086198913458,9.15,1.0,69.8,100,0.59,0,results/raw/LunarLander-v3/rule_periodic_k8/lam0.3/seed5_final.csv
LunarLander-v3,rule_periodic_k8,0.3,6,규칙(지문없음),-173.43947835138934,-170.64047835138936,9.33,1.0,70.44,100,0.59,0,results/raw/LunarLander-v3/rule_periodic_k8/lam0.3/seed6_final.csv
LunarLander-v3,rule_periodic_k8,0.3,7,규칙(지문없음),-181.96720034843412,-179.19220034843406,9.25,1.0,70.44,100,0.59,0,results/raw/LunarLander-v3/rule_periodic_k8/lam0.3/seed7_final.csv
LunarLander-v3,rule_periodic_k8,0.3,8,규칙(지문없음),-179.75978451321964,-176.9967845132196,9.21,1.0,70.6,100,0.57,0,results/raw/LunarLander-v3/rule_periodic_k8/lam0.3/seed8_final.csv
LunarLander-v3,rule_periodic_k8,0.3,9,규칙(지문없음),-171.5559303534002,-168.7869303534002,9.23,1.0,70.43,100,0.6,0,results/raw/LunarLander-v3/rule_periodic_k8/lam0.3/seed9_final.csv
LunarLander-v3,rule_periodic_k8,0.6,0,규칙(지문없음),-172.0393716329397,-166.40537163293968,9.39,1.0,71.77,100,0.62,0,results/raw/LunarLander-v3/rule_periodic_k8/lam0.6/seed0_final.csv
LunarLander-v3,rule_periodic_k8,0.6,1,규칙(지문없음),-175.15782657171815,-169.6198265717181,9.23,1.0,70.36,100,0.6,0,results/raw/LunarLander-v3/rule_periodic_k8/lam0.6/seed1_final.csv
LunarLander-v3,rule_periodic_k8,0.6,2,규칙(지문없음),-176.7491970607372,-171.16919706073722,9.3,1.0,71.34,100,0.6,0,results/raw/LunarLander-v3/rule_periodic_k8/lam0.6/seed2_final.csv
LunarLander-v3,rule_periodic_k8,0.6,3,규칙(지문없음),-170.91361123292805,-165.3756112329281,9.23,1.0,70.23,100,0.58,0,results/raw/LunarLander-v3/rule_periodic_k8/lam0.6/seed3_final.csv
LunarLander-v3,rule_periodic_k8,0.6,4,규칙(지문없음),-176.0525163542846,-170.54451635428464,9.18,1.0,69.85,100,0.57,0,results/raw/LunarLander-v3/rule_periodic_k8/lam0.6/seed4_final.csv
LunarLander-v3,rule_periodic_k8,0.6,5,규칙(지문없음),-180.94086198913456,-175.45086198913458,9.15,1.0,69.8,100,0.59,0,results/raw/LunarLander-v3/rule_periodic_k8/lam0.6/seed5_final.csv
LunarLander-v3,rule_periodic_k8,0.6,6,규칙(지문없음),-176.23847835138932,-170.64047835138936,9.33,1.0,70.44,100,0.6,0,results/raw/LunarLander-v3/rule_periodic_k8/lam0.6/seed6_final.csv
LunarLander-v3,rule_periodic_k8,0.6,7,규칙(지문없음),-184.74220034843412,-179.19220034843406,9.25,1.0,70.44,100,0.6,0,results/raw/LunarLander-v3/rule_periodic_k8/lam0.6/seed7_final.csv
LunarLander-v3,rule_periodic_k8,0.6,8,규칙(지문없음),-182.52278451321962,-176.9967845132196,9.21,1.0,70.6,100,0.57,0,results/raw/LunarLander-v3/rule_periodic_k8/lam0.6/seed8_final.csv
LunarLander-v3,rule_periodic_k8,0.6,9,규칙(지문없음),-174.3249303534002,-168.7869303534002,9.23,1.0,70.43,100,0.62,0,results/raw/LunarLander-v3/rule_periodic_k8/lam0.6/seed9_final.csv
LunarLander-v3,rule_periodic_k8,1.0,0,규칙(지문없음),-175.7953716329397,-166.40537163293968,9.39,1.0,71.77,100,0.61,0,results/raw/LunarLander-v3/rule_periodic_k8/lam1.0/seed0_final.csv
LunarLander-v3,rule_periodic_k8,1.0,1,규칙(지문없음),-178.84982657171813,-169.6198265717181,9.23,1.0,70.36,100,0.57,0,results/raw/LunarLander-v3/rule_periodic_k8/lam1.0/seed1_final.csv
LunarLander-v3,rule_periodic_k8,1.0,2,규칙(지문없음),-180.4691970607372,-171.16919706073722,9.3,1.0,71.34,100,0.61,0,results/raw/LunarLander-v3/rule_periodic_k8/lam1.0/seed2_final.csv
LunarLander-v3,rule_periodic_k8,1.0,3,규칙(지문없음),-174.60561123292808,-165.3756112329281,9.23,1.0,70.23,100,0.59,0,results/raw/LunarLander-v3/rule_periodic_k8/lam1.0/seed3_final.csv
LunarLander-v3,rule_periodic_k8,1.0,4,규칙(지문없음),-179.72451635428465,-170.54451635428464,9.18,1.0,69.85,100,0.57,0,results/raw/LunarLander-v3/rule_periodic_k8/lam1.0/seed4_final.csv
LunarLander-v3,rule_periodic_k8,1.0,5,규칙(지문없음),-184.6008619891346,-175.45086198913458,9.15,1.0,69.8,100,0.6,0,results/raw/LunarLander-v3/rule_periodic_k8/lam1.0/seed5_final.csv
LunarLander-v3,rule_periodic_k8,1.0,6,규칙(지문없음),-179.97047835138935,-170.64047835138936,9.33,1.0,70.44,100,0.6,0,results/raw/LunarLander-v3/rule_periodic_k8/lam1.0/seed6_final.csv
LunarLander-v3,rule_periodic_k8,1.0,7,규칙(지문없음),-188.44220034843406,-179.19220034843406,9.25,1.0,70.44,100,0.6,0,results/raw/LunarLander-v3/rule_periodic_k8/lam1.0/seed7_final.csv
LunarLander-v3,rule_periodic_k8,1.0,8,규칙(지문없음),-186.20678451321962,-176.9967845132196,9.21,1.0,70.6,100,0.56,0,results/raw/LunarLander-v3/rule_periodic_k8/lam1.0/seed8_final.csv
LunarLander-v3,rule_periodic_k8,1.0,9,규칙(지문없음),-178.0169303534002,-168.7869303534002,9.23,1.0,70.43,100,0.57,0,results/raw/LunarLander-v3/rule_periodic_k8/lam1.0/seed9_final.csv
LunarLander-v3,rule_periodic_k8,1.37,0,규칙(지문없음),-179.2696716329397,-166.40537163293968,9.39,1.0,71.77,100,0.58,0,results/raw/LunarLander-v3/rule_periodic_k8/lam1.37/seed0_final.csv
LunarLander-v3,rule_periodic_k8,1.37,1,규칙(지문없음),-182.26492657171818,-169.6198265717181,9.23,1.0,70.36,100,0.6,0,results/raw/LunarLander-v3/rule_periodic_k8/lam1.37/seed1_final.csv
LunarLander-v3,rule_periodic_k8,1.37,2,규칙(지문없음),-183.9101970607372,-171.16919706073722,9.3,1.0,71.34,100,0.57,0,results/raw/LunarLander-v3/rule_periodic_k8/lam1.37/seed2_final.csv
LunarLander-v3,rule_periodic_k8,1.37,3,규칙(지문없음),-178.0207112329281,-165.3756112329281,9.23,1.0,70.23,100,0.61,0,results/raw/LunarLander-v3/rule_periodic_k8/lam1.37/seed3_final.csv
LunarLander-v3,rule_periodic_k8,1.37,4,규칙(지문없음),-183.12111635428468,-170.54451635428464,9.18,1.0,69.85,100,0.56,0,results/raw/LunarLander-v3/rule_periodic_k8/lam1.37/seed4_final.csv
LunarLander-v3,rule_periodic_k8,1.37,5,규칙(지문없음),-187.98636198913456,-175.45086198913458,9.15,1.0,69.8,100,0.58,0,results/raw/LunarLander-v3/rule_periodic_k8/lam1.37/seed5_final.csv
LunarLander-v3,rule_periodic_k8,1.37,6,규칙(지문없음),-183.42257835138935,-170.64047835138936,9.33,1.0,70.44,100,0.59,0,results/raw/LunarLander-v3/rule_periodic_k8/lam1.37/seed6_final.csv
LunarLander-v3,rule_periodic_k8,1.37,7,규칙(지문없음),-191.8647003484341,-179.19220034843406,9.25,1.0,70.44,100,0.6,0,results/raw/LunarLander-v3/rule_periodic_k8/lam1.37/seed7_final.csv
LunarLander-v3,rule_periodic_k8,1.37,8,규칙(지문없음),-189.61448451321965,-176.9967845132196,9.21,1.0,70.6,100,0.6,0,results/raw/LunarLander-v3/rule_periodic_k8/lam1.37/seed8_final.csv
LunarLander-v3,rule_periodic_k8,1.37,9,규칙(지문없음),-181.43203035340022,-168.7869303534002,9.23,1.0,70.43,100,0.57,0,results/raw/LunarLander-v3/rule_periodic_k8/lam1.37/seed9_final.csv
LunarLander-v3,rule_periodic_k8,2.0,0,규칙(지문없음),-185.18537163293968,-166.40537163293968,9.39,1.0,71.77,100,0.63,0,results/raw/LunarLander-v3/rule_periodic_k8/lam2.0/seed0_final.csv
LunarLander-v3,rule_periodic_k8,2.0,1,규칙(지문없음),-188.07982657171812,-169.6198265717181,9.23,1.0,70.36,100,0.61,0,results/raw/LunarLander-v3/rule_periodic_k8/lam2.0/seed1_final.csv
LunarLander-v3,rule_periodic_k8,2.0,2,규칙(지문없음),-189.7691970607372,-171.16919706073722,9.3,1.0,71.34,100,0.6,0,results/raw/LunarLander-v3/rule_periodic_k8/lam2.0/seed2_final.csv
LunarLander-v3,rule_periodic_k8,2.0,3,규칙(지문없음),-183.8356112329281,-165.3756112329281,9.23,1.0,70.23,100,0.59,0,results/raw/LunarLander-v3/rule_periodic_k8/lam2.0/seed3_final.csv
LunarLander-v3,rule_periodic_k8,2.0,4,규칙(지문없음),-188.90451635428465,-170.54451635428464,9.18,1.0,69.85,100,0.58,0,results/raw/LunarLander-v3/rule_periodic_k8/lam2.0/seed4_final.csv
LunarLander-v3,rule_periodic_k8,2.0,5,규칙(지문없음),-193.75086198913462,-175.45086198913458,9.15,1.0,69.8,100,0.59,0,results/raw/LunarLander-v3/rule_periodic_k8/lam2.0/seed5_final.csv
LunarLander-v3,rule_periodic_k8,2.0,6,규칙(지문없음),-189.30047835138936,-170.64047835138936,9.33,1.0,70.44,100,0.62,0,results/raw/LunarLander-v3/rule_periodic_k8/lam2.0/seed6_final.csv
LunarLander-v3,rule_periodic_k8,2.0,7,규칙(지문없음),-197.69220034843406,-179.19220034843406,9.25,1.0,70.44,100,0.62,0,results/raw/LunarLander-v3/rule_periodic_k8/lam2.0/seed7_final.csv
LunarLander-v3,rule_periodic_k8,2.0,8,규칙(지문없음),-195.4167845132196,-176.9967845132196,9.21,1.0,70.6,100,0.58,0,results/raw/LunarLander-v3/rule_periodic_k8/lam2.0/seed8_final.csv
LunarLander-v3,rule_periodic_k8,2.0,9,규칙(지문없음),-187.24693035340022,-168.7869303534002,9.23,1.0,70.43,100,0.58,0,results/raw/LunarLander-v3/rule_periodic_k8/lam2.0/seed9_final.csv
LunarLander-v3,rule_periodic_k8,3.0,0,규칙(지문없음),-194.57537163293966,-166.40537163293968,9.39,1.0,71.77,100,0.62,0,results/raw/LunarLander-v3/rule_periodic_k8/lam3.0/seed0_final.csv
LunarLander-v3,rule_periodic_k8,3.0,1,규칙(지문없음),-197.3098265717181,-169.6198265717181,9.23,1.0,70.36,100,0.52,0,results/raw/LunarLander-v3/rule_periodic_k8/lam3.0/seed1_final.csv
LunarLander-v3,rule_periodic_k8,3.0,2,규칙(지문없음),-199.0691970607372,-171.16919706073722,9.3,1.0,71.34,100,0.61,0,results/raw/LunarLander-v3/rule_periodic_k8/lam3.0/seed2_final.csv
LunarLander-v3,rule_periodic_k8,3.0,3,규칙(지문없음),-193.06561123292818,-165.3756112329281,9.23,1.0,70.23,100,0.57,0,results/raw/LunarLander-v3/rule_periodic_k8/lam3.0/seed3_final.csv
LunarLander-v3,rule_periodic_k8,3.0,4,규칙(지문없음),-198.08451635428463,-170.54451635428464,9.18,1.0,69.85,100,0.62,0,results/raw/LunarLander-v3/rule_periodic_k8/lam3.0/seed4_final.csv
LunarLander-v3,rule_periodic_k8,3.0,5,규칙(지문없음),-202.9008619891346,-175.45086198913458,9.15,1.0,69.8,100,0.63,0,results/raw/LunarLander-v3/rule_periodic_k8/lam3.0/seed5_final.csv
LunarLander-v3,rule_periodic_k8,3.0,6,규칙(지문없음),-198.63047835138934,-170.64047835138936,9.33,1.0,70.44,100,0.62,0,results/raw/LunarLander-v3/rule_periodic_k8/lam3.0/seed6_final.csv
LunarLander-v3,rule_periodic_k8,3.0,7,규칙(지문없음),-206.94220034843406,-179.19220034843406,9.25,1.0,70.44,100,0.63,0,results/raw/LunarLander-v3/rule_periodic_k8/lam3.0/seed7_final.csv
LunarLander-v3,rule_periodic_k8,3.0,8,규칙(지문없음),-204.62678451321963,-176.9967845132196,9.21,1.0,70.6,100,0.62,0,results/raw/LunarLander-v3/rule_periodic_k8/lam3.0/seed8_final.csv
LunarLander-v3,rule_periodic_k8,3.0,9,규칙(지문없음),-196.4769303534002,-168.7869303534002,9.23,1.0,70.43,100,0.55,0,results/raw/LunarLander-v3/rule_periodic_k8/lam3.0/seed9_final.csv
LunarLander-v3,rule_threshold,0.0,0,규칙(지문없음),35.7236918027664,35.7236918027664,123.7,1.0,193.89,100,2.26,0,results/raw/LunarLander-v3/rule_threshold/lam0.0/seed0_final.csv
LunarLander-v3,rule_threshold,0.0,1,규칙(지문없음),31.099235629019663,31.099235629019663,120.94,1.0,190.98,100,2.5,0,results/raw/LunarLander-v3/rule_threshold/lam0.0/seed1_final.csv
LunarLander-v3,rule_threshold,0.0,2,규칙(지문없음),38.83507980982603,38.83507980982603,121.65,1.0,194.83,100,2.02,0,results/raw/LunarLander-v3/rule_threshold/lam0.0/seed2_final.csv
LunarLander-v3,rule_threshold,0.0,3,규칙(지문없음),36.6359877892421,36.6359877892421,121.08,1.0,191.9,100,2.01,0,results/raw/LunarLander-v3/rule_threshold/lam0.0/seed3_final.csv
LunarLander-v3,rule_threshold,0.0,4,규칙(지문없음),37.526265748104436,37.526265748104436,121.21,1.0,192.17,100,2.05,0,results/raw/LunarLander-v3/rule_threshold/lam0.0/seed4_final.csv
LunarLander-v3,rule_threshold,0.0,5,규칙(지문없음),39.464540993514525,39.464540993514525,121.8,1.0,192.94,100,2.02,0,results/raw/LunarLander-v3/rule_threshold/lam0.0/seed5_final.csv
LunarLander-v3,rule_threshold,0.0,6,규칙(지문없음),33.92595156758407,33.92595156758407,121.27,1.0,191.96,100,1.97,0,results/raw/LunarLander-v3/rule_threshold/lam0.0/seed6_final.csv
LunarLander-v3,rule_threshold,0.0,7,규칙(지문없음),35.88524011654105,35.88524011654105,121.02,1.0,191.46,100,1.96,0,results/raw/LunarLander-v3/rule_threshold/lam0.0/seed7_final.csv
LunarLander-v3,rule_threshold,0.0,8,규칙(지문없음),34.34775463676966,34.34775463676966,121.35,1.0,191.05,100,1.91,0,results/raw/LunarLander-v3/rule_threshold/lam0.0/seed8_final.csv
LunarLander-v3,rule_threshold,0.0,9,규칙(지문없음),34.64481595264229,34.64481595264229,121.25,1.0,193.42,100,2.01,0,results/raw/LunarLander-v3/rule_threshold/lam0.0/seed9_final.csv
LunarLander-v3,rule_threshold,0.1,0,규칙(지문없음),23.35369180276618,35.7236918027664,123.7,1.0,193.89,100,1.86,0,results/raw/LunarLander-v3/rule_threshold/lam0.1/seed0_final.csv
LunarLander-v3,rule_threshold,0.1,1,규칙(지문없음),19.005235629019456,31.099235629019663,120.94,1.0,190.98,100,1.86,0,results/raw/LunarLander-v3/rule_threshold/lam0.1/seed1_final.csv
LunarLander-v3,rule_threshold,0.1,2,규칙(지문없음),26.670079809825808,38.83507980982603,121.65,1.0,194.83,100,1.9,0,results/raw/LunarLander-v3/rule_threshold/lam0.1/seed2_final.csv
LunarLander-v3,rule_threshold,0.1,3,규칙(지문없음),24.52798778924188,36.6359877892421,121.08,1.0,191.9,100,1.86,0,results/raw/LunarLander-v3/rule_threshold/lam0.1/seed3_final.csv
LunarLander-v3,rule_threshold,0.1,4,규칙(지문없음),25.405265748104217,37.526265748104436,121.21,1.0,192.17,100,1.86,0,results/raw/LunarLander-v3/rule_threshold/lam0.1/seed4_final.csv
LunarLander-v3,rule_threshold,0.1,5,규칙(지문없음),27.284540993514298,39.464540993514525,121.8,1.0,192.94,100,1.92,0,results/raw/LunarLander-v3/rule_threshold/lam0.1/seed5_final.csv
LunarLander-v3,rule_threshold,0.1,6,규칙(지문없음),21.798951567583845,33.92595156758407,121.27,1.0,191.96,100,1.75,0,results/raw/LunarLander-v3/rule_threshold/lam0.1/seed6_final.csv
LunarLander-v3,rule_threshold,0.1,7,규칙(지문없음),23.78324011654083,35.88524011654105,121.02,1.0,191.46,100,1.77,0,results/raw/LunarLander-v3/rule_threshold/lam0.1/seed7_final.csv
LunarLander-v3,rule_threshold,0.1,8,규칙(지문없음),22.212754636769446,34.34775463676966,121.35,1.0,191.05,100,1.94,0,results/raw/LunarLander-v3/rule_threshold/lam0.1/seed8_final.csv
LunarLander-v3,rule_threshold,0.1,9,규칙(지문없음),22.51981595264208,34.64481595264229,121.25,1.0,193.42,100,2.23,0,results/raw/LunarLander-v3/rule_threshold/lam0.1/seed9_final.csv
LunarLander-v3,rule_threshold,0.3,0,규칙(지문없음),-1.3863081972337354,35.7236918027664,123.7,1.0,193.89,100,1.95,0,results/raw/LunarLander-v3/rule_threshold/lam0.3/seed0_final.csv
LunarLander-v3,rule_threshold,0.3,1,규칙(지문없음),-5.182764370980476,31.099235629019663,120.94,1.0,190.98,100,1.92,0,results/raw/LunarLander-v3/rule_threshold/lam0.3/seed1_final.csv
LunarLander-v3,rule_threshold,0.3,2,규칙(지문없음),2.340079809825888,38.83507980982603,121.65,1.0,194.83,100,1.96,0,results/raw/LunarLander-v3/rule_threshold/lam0.3/seed2_final.csv
LunarLander-v3,rule_threshold,0.3,3,규칙(지문없음),0.31198778924196036,36.6359877892421,121.08,1.0,191.9,100,1.94,0,results/raw/LunarLander-v3/rule_threshold/lam0.3/seed3_final.csv
LunarLander-v3,rule_threshold,0.3,4,규칙(지문없음),1.1632657481043136,37.526265748104436,121.21,1.0,192.17,100,2.06,0,results/raw/LunarLander-v3/rule_threshold/lam0.3/seed4_final.csv
LunarLander-v3,rule_threshold,0.3,5,규칙(지문없음),2.9245409935143982,39.464540993514525,121.8,1.0,192.94,100,2.04,0,results/raw/LunarLander-v3/rule_threshold/lam0.3/seed5_final.csv
LunarLander-v3,rule_threshold,0.3,6,규칙(지문없음),-2.4550484324160746,33.92595156758407,121.27,1.0,191.96,100,2.44,0,results/raw/LunarLander-v3/rule_threshold/lam0.3/seed6_final.csv
LunarLander-v3,rule_threshold,0.3,7,규칙(지문없음),-0.4207598834590871,35.88524011654105,121.02,1.0,191.46,100,2.19,0,results/raw/LunarLander-v3/rule_threshold/lam0.3/seed7_final.csv
LunarLander-v3,rule_threshold,0.3,8,규칙(지문없음),-2.057245363230466,34.34775463676966,121.35,1.0,191.05,100,1.93,0,results/raw/LunarLander-v3/rule_threshold/lam0.3/seed8_final.csv
LunarLander-v3,rule_threshold,0.3,9,규칙(지문없음),-1.73018404735786,34.64481595264229,121.25,1.0,193.42,100,1.98,0,results/raw/LunarLander-v3/rule_threshold/lam0.3/seed9_final.csv
LunarLander-v3,rule_threshold,0.6,0,규칙(지문없음),-38.49630819723367,35.7236918027664,123.7,1.0,193.89,100,1.97,0,results/raw/LunarLander-v3/rule_threshold/lam0.6/seed0_final.csv
LunarLander-v3,rule_threshold,0.6,1,규칙(지문없음),-41.46476437098042,31.099235629019663,120.94,1.0,190.98,100,1.89,0,results/raw/LunarLander-v3/rule_threshold/lam0.6/seed1_final.csv
LunarLander-v3,rule_threshold,0.6,2,규칙(지문없음),-34.15492019017406,38.83507980982603,121.65,1.0,194.83,100,1.87,0,results/raw/LunarLander-v3/rule_threshold/lam0.6/seed2_final.csv
LunarLander-v3,rule_threshold,0.6,3,규칙(지문없음),-36.012012210757995,36.6359877892421,121.08,1.0,191.9,100,1.57,0,results/raw/LunarLander-v3/rule_threshold/lam0.6/seed3_final.csv
LunarLander-v3,rule_threshold,0.6,4,규칙(지문없음),-35.19973425189564,37.526265748104436,121.21,1.0,192.17,100,1.75,0,results/raw/LunarLander-v3/rule_threshold/lam0.6/seed4_final.csv
LunarLander-v3,rule_threshold,0.6,5,규칙(지문없음),-33.61545900648556,39.464540993514525,121.8,1.0,192.94,100,1.79,0,results/raw/LunarLander-v3/rule_threshold/lam0.6/seed5_final.csv
LunarLander-v3,rule_threshold,0.6,6,규칙(지문없음),-38.83604843241602,33.92595156758407,121.27,1.0,191.96,100,1.88,0,results/raw/LunarLander-v3/rule_threshold/lam0.6/seed6_final.csv
LunarLander-v3,rule_threshold,0.6,7,규칙(지문없음),-36.72675988345904,35.88524011654105,121.02,1.0,191.46,100,1.88,0,results/raw/LunarLander-v3/rule_threshold/lam0.6/seed7_final.csv
LunarLander-v3,rule_threshold,0.6,8,규칙(지문없음),-38.46224536323042,34.34775463676966,121.35,1.0,191.05,100,1.9,0,results/raw/LunarLander-v3/rule_threshold/lam0.6/seed8_final.csv
LunarLander-v3,rule_threshold,0.6,9,규칙(지문없음),-38.1051840473578,34.64481595264229,121.25,1.0,193.42,100,1.92,0,results/raw/LunarLander-v3/rule_threshold/lam0.6/seed9_final.csv
LunarLander-v3,rule_threshold,1.0,0,규칙(지문없음),-87.97630819723378,35.7236918027664,123.7,1.0,193.89,100,1.94,0,results/raw/LunarLander-v3/rule_threshold/lam1.0/seed0_final.csv
LunarLander-v3,rule_threshold,1.0,1,규칙(지문없음),-89.84076437098051,31.099235629019663,120.94,1.0,190.98,100,1.91,0,results/raw/LunarLander-v3/rule_threshold/lam1.0/seed1_final.csv
LunarLander-v3,rule_threshold,1.0,2,규칙(지문없음),-82.81492019017416,38.83507980982603,121.65,1.0,194.83,100,1.9,0,results/raw/LunarLander-v3/rule_threshold/lam1.0/seed2_final.csv
LunarLander-v3,rule_threshold,1.0,3,규칙(지문없음),-84.44401221075806,36.6359877892421,121.08,1.0,191.9,100,1.89,0,results/raw/LunarLander-v3/rule_threshold/lam1.0/seed3_final.csv
LunarLander-v3,rule_threshold,1.0,4,규칙(지문없음),-83.68373425189573,37.526265748104436,121.21,1.0,192.17,100,1.91,0,results/raw/LunarLander-v3/rule_threshold/lam1.0/seed4_final.csv
LunarLander-v3,rule_threshold,1.0,5,규칙(지문없음),-82.33545900648564,39.464540993514525,121.8,1.0,192.94,100,1.92,0,results/raw/LunarLander-v3/rule_threshold/lam1.0/seed5_final.csv
LunarLander-v3,rule_threshold,1.0,6,규칙(지문없음),-87.34404843241612,33.92595156758407,121.27,1.0,191.96,100,1.86,0,results/raw/LunarLander-v3/rule_threshold/lam1.0/seed6_final.csv
LunarLander-v3,rule_threshold,1.0,7,규칙(지문없음),-85.13475988345913,35.88524011654105,121.02,1.0,191.46,100,1.95,0,results/raw/LunarLander-v3/rule_threshold/lam1.0/seed7_final.csv
LunarLander-v3,rule_threshold,1.0,8,규칙(지문없음),-87.0022453632305,34.34775463676966,121.35,1.0,191.05,100,1.86,0,results/raw/LunarLander-v3/rule_threshold/lam1.0/seed8_final.csv
LunarLander-v3,rule_threshold,1.0,9,규칙(지문없음),-86.6051840473579,34.64481595264229,121.25,1.0,193.42,100,1.91,0,results/raw/LunarLander-v3/rule_threshold/lam1.0/seed9_final.csv
LunarLander-v3,rule_threshold,1.37,0,규칙(지문없음),-133.74530819723387,35.7236918027664,123.7,1.0,193.89,100,1.93,0,results/raw/LunarLander-v3/rule_threshold/lam1.37/seed0_final.csv
LunarLander-v3,rule_threshold,1.37,1,규칙(지문없음),-134.5885643709806,31.099235629019663,120.94,1.0,190.98,100,1.88,0,results/raw/LunarLander-v3/rule_threshold/lam1.37/seed1_final.csv
LunarLander-v3,rule_threshold,1.37,2,규칙(지문없음),-127.82542019017424,38.83507980982603,121.65,1.0,194.83,100,1.91,0,results/raw/LunarLander-v3/rule_threshold/lam1.37/seed2_final.csv
LunarLander-v3,rule_threshold,1.37,3,규칙(지문없음),-129.24361221075816,36.6359877892421,121.08,1.0,191.9,100,1.89,0,results/raw/LunarLander-v3/rule_threshold/lam1.37/seed3_final.csv
LunarLander-v3,rule_threshold,1.37,4,규칙(지문없음),-128.53143425189583,37.526265748104436,121.21,1.0,192.17,100,1.92,0,results/raw/LunarLander-v3/rule_threshold/lam1.37/seed4_final.csv
LunarLander-v3,rule_threshold,1.37,5,규칙(지문없음),-127.40145900648572,39.464540993514525,121.8,1.0,192.94,100,1.91,0,results/raw/LunarLander-v3/rule_threshold/lam1.37/seed5_final.csv
LunarLander-v3,rule_threshold,1.37,6,규칙(지문없음),-132.2139484324162,33.92595156758407,121.27,1.0,191.96,100,1.89,0,results/raw/LunarLander-v3/rule_threshold/lam1.37/seed6_final.csv
LunarLander-v3,rule_threshold,1.37,7,규칙(지문없음),-129.91215988345922,35.88524011654105,121.02,1.0,191.46,100,1.9,0,results/raw/LunarLander-v3/rule_threshold/lam1.37/seed7_final.csv
LunarLander-v3,rule_threshold,1.37,8,규칙(지문없음),-131.9017453632306,34.34775463676966,121.35,1.0,191.05,100,1.85,0,results/raw/LunarLander-v3/rule_threshold/lam1.37/seed8_final.csv
LunarLander-v3,rule_threshold,1.37,9,규칙(지문없음),-131.46768404735798,34.64481595264229,121.25,1.0,193.42,100,1.93,0,results/raw/LunarLander-v3/rule_threshold/lam1.37/seed9_final.csv
LunarLander-v3,rule_threshold,2.0,0,규칙(지문없음),-211.67630819723362,35.7236918027664,123.7,1.0,193.89,100,1.81,0,results/raw/LunarLander-v3/rule_threshold/lam2.0/seed0_final.csv
LunarLander-v3,rule_threshold,2.0,1,규칙(지문없음),-210.78076437098028,31.099235629019663,120.94,1.0,190.98,100,1.92,0,results/raw/LunarLander-v3/rule_threshold/lam2.0/seed1_final.csv
LunarLander-v3,rule_threshold,2.0,2,규칙(지문없음),-204.4649201901739,38.83507980982603,121.65,1.0,194.83,100,2.07,0,results/raw/LunarLander-v3/rule_threshold/lam2.0/seed2_final.csv
LunarLander-v3,rule_threshold,2.0,3,규칙(지문없음),-205.5240122107579,36.6359877892421,121.08,1.0,191.9,100,1.95,0,results/raw/LunarLander-v3/rule_threshold/lam2.0/seed3_final.csv
LunarLander-v3,rule_threshold,2.0,4,규칙(지문없음),-204.89373425189555,37.526265748104436,121.21,1.0,192.17,100,1.92,0,results/raw/LunarLander-v3/rule_threshold/lam2.0/seed4_final.csv
LunarLander-v3,rule_threshold,2.0,5,규칙(지문없음),-204.13545900648546,39.464540993514525,121.8,1.0,192.94,100,2.07,0,results/raw/LunarLander-v3/rule_threshold/lam2.0/seed5_final.csv
LunarLander-v3,rule_threshold,2.0,6,규칙(지문없음),-208.61404843241587,33.92595156758407,121.27,1.0,191.96,100,2.02,0,results/raw/LunarLander-v3/rule_threshold/lam2.0/seed6_final.csv
LunarLander-v3,rule_threshold,2.0,7,규칙(지문없음),-206.15475988345887,35.88524011654105,121.02,1.0,191.46,100,1.97,0,results/raw/LunarLander-v3/rule_threshold/lam2.0/seed7_final.csv
LunarLander-v3,rule_threshold,2.0,8,규칙(지문없음),-208.35224536323028,34.34775463676966,121.35,1.0,191.05,100,1.93,0,results/raw/LunarLander-v3/rule_threshold/lam2.0/seed8_final.csv
LunarLander-v3,rule_threshold,2.0,9,규칙(지문없음),-207.85518404735768,34.64481595264229,121.25,1.0,193.42,100,1.92,0,results/raw/LunarLander-v3/rule_threshold/lam2.0/seed9_final.csv
LunarLander-v3,rule_threshold,3.0,0,규칙(지문없음),-335.37630819723387,35.7236918027664,123.7,1.0,193.89,100,1.89,0,results/raw/LunarLander-v3/rule_threshold/lam3.0/seed0_final.csv
LunarLander-v3,rule_threshold,3.0,1,규칙(지문없음),-331.7207643709806,31.099235629019663,120.94,1.0,190.98,100,1.93,0,results/raw/LunarLander-v3/rule_threshold/lam3.0/seed1_final.csv
LunarLander-v3,rule_threshold,3.0,2,규칙(지문없음),-326.11492019017425,38.83507980982603,121.65,1.0,194.83,100,1.98,0,results/raw/LunarLander-v3/rule_threshold/lam3.0/seed2_final.csv
LunarLander-v3,rule_threshold,3.0,3,규칙(지문없음),-326.60401221075824,36.6359877892421,121.08,1.0,191.9,100,1.92,0,results/raw/LunarLander-v3/rule_threshold/lam3.0/seed3_final.csv
LunarLander-v3,rule_threshold,3.0,4,규칙(지문없음),-326.1037342518959,37.526265748104436,121.21,1.0,192.17,100,1.87,0,results/raw/LunarLander-v3/rule_threshold/lam3.0/seed4_final.csv
LunarLander-v3,rule_threshold,3.0,5,규칙(지문없음),-325.93545900648576,39.464540993514525,121.8,1.0,192.94,100,1.92,0,results/raw/LunarLander-v3/rule_threshold/lam3.0/seed5_final.csv
LunarLander-v3,rule_threshold,3.0,6,규칙(지문없음),-329.88404843241625,33.92595156758407,121.27,1.0,191.96,100,1.79,0,results/raw/LunarLander-v3/rule_threshold/lam3.0/seed6_final.csv
LunarLander-v3,rule_threshold,3.0,7,규칙(지문없음),-327.1747598834593,35.88524011654105,121.02,1.0,191.46,100,1.9,0,results/raw/LunarLander-v3/rule_threshold/lam3.0/seed7_final.csv
LunarLander-v3,rule_threshold,3.0,8,규칙(지문없음),-329.7022453632307,34.34775463676966,121.35,1.0,191.05,100,1.91,0,results/raw/LunarLander-v3/rule_threshold/lam3.0/seed8_final.csv
LunarLander-v3,rule_threshold,3.0,9,규칙(지문없음),-329.1051840473581,34.64481595264229,121.25,1.0,193.42,100,1.95,0,results/raw/LunarLander-v3/rule_threshold/lam3.0/seed9_final.csv
LunarLander-v3,temporl,0.0,0,31ca40fb8f63,189.3832830747743,189.3832830747743,422.62666666666667,0.62,564.1066666666667,150,1198.9,200000,results/raw/LunarLander-v3/temporl/lam0.0/seed0_final.csv
LunarLander-v3,temporl,0.0,1,31ca40fb8f63,102.10598688290035,102.10598688290035,577.6266666666667,0.34,754.8866666666667,150,1233.7,200000,results/raw/LunarLander-v3/temporl/lam0.0/seed1_final.csv
LunarLander-v3,temporl,0.0,2,31ca40fb8f63,137.98065925025418,137.98065925025418,429.8466666666667,0.6733333333333333,653.6066666666667,150,1349.9,200000,results/raw/LunarLander-v3/temporl/lam0.0/seed2_final.csv
LunarLander-v3,temporl,0.0,3,31ca40fb8f63,113.36179106801593,113.36179106801593,454.58,0.5933333333333334,598.6333333333333,150,1261.8,200000,results/raw/LunarLander-v3/temporl/lam0.0/seed3_final.csv
LunarLander-v3,temporl,0.1,0,31ca40fb8f63,141.1235763735359,185.8775763735365,447.54,0.5866666666666667,639.2333333333333,150,1194.1,200000,results/raw/LunarLander-v3/temporl/lam0.1/seed0_final.csv
LunarLander-v3,temporl,0.1,1,31ca40fb8f63,22.55036422051649,70.49903088718361,479.4866666666667,0.48,727.8066666666666,150,1230.3,200000,results/raw/LunarLander-v3/temporl/lam0.1/seed1_final.csv
LunarLander-v3,temporl,0.1,2,31ca40fb8f63,188.05484448538604,204.91951115205296,168.64666666666668,0.9333333333333333,289.0133333333333,150,1314.0,200000,results/raw/LunarLander-v3/temporl/lam0.1/seed2_final.csv
LunarLander-v3,temporl,0.3,0,31ca40fb8f63,88.75165897091644,117.18965897091645,94.79333333333334,1.0,162.08666666666667,150,1170.5,200000,results/raw/LunarLander-v3/temporl/lam0.3/seed0_final.csv
LunarLander-v3,temporl,0.3,1,31ca40fb8f63,60.936036090491825,124.12203609049185,210.62,0.8333333333333334,336.4066666666667,150,1214.2,200000,results/raw/LunarLander-v3/temporl/lam0.3/seed1_final.csv
LunarLander-v3,temporl,0.3,2,31ca40fb8f63,-4.827456057565563,99.53454394243444,347.87333333333333,0.6533333333333333,564.98,150,1335.9,200000,results/raw/LunarLander-v3/temporl/lam0.3/seed2_final.csv
LunarLander-v3,temporl,0.6,0,31ca40fb8f63,-6.796044123188518,184.00395587681166,318.0,0.82,553.04,150,1199.9,200000,results/raw/LunarLander-v3/temporl/lam0.6/seed0_final.csv
LunarLander-v3,temporl,0.6,1,31ca40fb8f63,41.08958494685602,180.8735849468562,232.97333333333333,0.9,408.6933333333333,150,1210.2,200000,results/raw/LunarLander-v3/temporl/lam0.6/seed1_final.csv
LunarLander-v3,temporl,0.6,2,31ca40fb8f63,19.046757730905508,100.64675773090559,136.0,0.98,239.56666666666666,150,1299.9,200000,results/raw/LunarLander-v3/temporl/lam0.6/seed2_final.csv
LunarLander-v3,temporl,1.0,0,31ca40fb8f63,-43.94045579761978,178.8462108690471,222.78666666666666,0.96,406.64666666666665,150,1168.9,200000,results/raw/LunarLander-v3/temporl/lam1.0/seed0_final.csv
LunarLander-v3,temporl,1.0,1,31ca40fb8f63,-39.805457947552036,188.28120871911486,228.08666666666667,0.9466666666666667,427.12,150,1216.6,200000,results/raw/LunarLander-v3/temporl/lam1.0/seed1_final.csv
LunarLander-v3,temporl,1.0,2,31ca40fb8f63,18.770550342790685,186.91055034279077,168.14,0.98,313.11333333333334,150,1302.0,200000,results/raw/LunarLander-v3/temporl/lam1.0/seed2_final.csv
LunarLander-v3,temporl,1.37,0,31ca40fb8f63,-93.28048761331092,101.16817905335596,141.93333333333334,0.9933333333333333,268.08,150,1211.7,200000,results/raw/LunarLander-v3/temporl/lam1.37/seed0_final.csv
LunarLander-v3,temporl,1.37,1,31ca40fb8f63,22.304837525665985,236.45410419233295,156.31333333333333,1.0,317.18666666666667,150,1436.2,200000,results/raw/LunarLander-v3/temporl/lam1.37/seed1_final.csv
LunarLander-v3,temporl,1.37,2,31ca40fb8f63,-126.72164961970044,137.96235038029965,193.2,0.96,349.7266666666667,150,1267.1,200000,results/raw/LunarLander-v3/temporl/lam1.37/seed2_final.csv
LunarLander-v3,temporl,2.0,0,31ca40fb8f63,-186.6362914206439,144.40370857935633,165.52,0.98,325.92,150,1200.5,200000,results/raw/LunarLander-v3/temporl/lam2.0/seed0_final.csv
LunarLander-v3,temporl,2.0,1,31ca40fb8f63,-86.31578017116816,33.76421982883193,60.04,0.9933333333333333,144.81333333333333,150,1428.3,200000,results/raw/LunarLander-v3/temporl/lam2.0/seed1_final.csv
LunarLander-v3,temporl,2.0,2,31ca40fb8f63,-145.35005300915407,20.143280324179358,82.74666666666667,0.9933333333333333,180.74666666666667,150,1263.7,200000,results/raw/LunarLander-v3/temporl/lam2.0/seed2_final.csv
LunarLander-v3,temporl,3.0,0,31ca40fb8f63,-123.67806269375627,-75.19806269375627,16.16,1.0,78.67333333333333,150,1203.2,200000,results/raw/LunarLander-v3/temporl/lam3.0/seed0_final.csv
LunarLander-v3,temporl,3.0,1,31ca40fb8f63,-314.6062789522537,104.61372104774644,139.74,0.9933333333333333,286.47333333333336,150,1428.1,200000,results/raw/LunarLander-v3/temporl/lam3.0/seed1_final.csv
LunarLander-v3,temporl,3.0,2,31ca40fb8f63,-258.8369286278929,-58.09692862789286,66.91333333333333,1.0,149.86666666666667,150,1251.7,200000,results/raw/LunarLander-v3/temporl/lam3.0/seed2_final.csv
