env_id,gym_env_id,agent,lam,seed,fingerprint,cost_return,raw_return,n_actions,solved,steps,n_eval_episodes,elapsed_sec,total_steps,source_csv
LunarLander-v3@tunedbase,LunarLander-v3,lazy,0.0,0,b8bf47ee721e,190.88224676367335,190.88224676367335,220.20666666666668,0.9533333333333334,292.08,150,782.7,200000,results/raw/LunarLander-v3@tunedbase/lazy/lam0.0/seed0_final.csv
LunarLander-v3@tunedbase,LunarLander-v3,lazy,0.1,0,b8bf47ee721e,89.13148375739237,103.61481709072585,144.83333333333334,0.9666666666666667,222.37333333333333,150,784.0,200000,results/raw/LunarLander-v3@tunedbase/lazy/lam0.1/seed0_final.csv
LunarLander-v3@tunedbase,LunarLander-v3,lazy,0.3,0,b8bf47ee721e,185.82619451929392,238.85019451929392,176.74666666666667,0.9466666666666667,308.14666666666665,150,797.4,200000,results/raw/LunarLander-v3@tunedbase/lazy/lam0.3/seed0_final.csv
LunarLander-v3@tunedbase,LunarLander-v3,lazy,0.6,0,b8bf47ee721e,146.47612501316556,246.7281250131656,167.08666666666667,0.98,314.32666666666665,150,803.9,200000,results/raw/LunarLander-v3@tunedbase/lazy/lam0.6/seed0_final.csv
LunarLander-v3@tunedbase,LunarLander-v3,lazy,1.0,0,b8bf47ee721e,0.1827649716450681,156.20943163831186,156.02666666666667,1.0,276.5133333333333,150,792.6,200000,results/raw/LunarLander-v3@tunedbase/lazy/lam1.0/seed0_final.csv
LunarLander-v3@tunedbase,LunarLander-v3,lazy,1.2,0,b8bf47ee721e,23.4215546726213,188.8055546726214,137.82,0.9733333333333334,270.2,150,798.8,200000,results/raw/LunarLander-v3@tunedbase/lazy/lam1.2/seed0_final.csv
LunarLander-v3@tunedbase,LunarLander-v3,lazy,1.37,0,b8bf47ee721e,0.545094031707284,160.88076069837416,117.03333333333333,1.0,229.72666666666666,150,744.8,200000,results/raw/LunarLander-v3@tunedbase/lazy/lam1.37/seed0_final.csv
LunarLander-v3@tunedbase,LunarLander-v3,lazy,1.6,0,b8bf47ee721e,-280.18539338149253,179.80393995184122,287.49333333333334,0.8933333333333333,450.82,150,788.3,200000,results/raw/LunarLander-v3@tunedbase/lazy/lam1.6/seed0_final.csv
LunarLander-v3@tunedbase,LunarLander-v3,lazy,1.8,0,b8bf47ee721e,-100.19725902086402,14.054740979136053,63.473333333333336,1.0,120.05333333333333,150,786.6,200000,results/raw/LunarLander-v3@tunedbase/lazy/lam1.8/seed0_final.csv
LunarLander-v3@tunedbase,LunarLander-v3,lazy,2.0,0,b8bf47ee721e,-108.12949978204703,-53.82283311538035,27.153333333333332,1.0,85.94,150,775.9,200000,results/raw/LunarLander-v3@tunedbase/lazy/lam2.0/seed0_final.csv
LunarLander-v3@tunedbase,LunarLander-v3,rule_noop,0.0,0,규칙(지문없음),-130.6083365462689,-130.6083365462689,0.0,1.0,72.16,100,0.0,0,results/raw/LunarLander-v3@tunedbase/rule_noop/lam0.0/seed0_final.csv
LunarLander-v3@tunedbase,LunarLander-v3,rule_noop,0.0,1,규칙(지문없음),-123.88320478804691,-123.88320478804691,0.0,1.0,70.14,100,0.0,0,results/raw/LunarLander-v3@tunedbase/rule_noop/lam0.0/seed1_final.csv
LunarLander-v3@tunedbase,LunarLander-v3,rule_noop,0.0,2,규칙(지문없음),-133.45451036251632,-133.45451036251632,0.0,1.0,71.86,100,0.0,0,results/raw/LunarLander-v3@tunedbase/rule_noop/lam0.0/seed2_final.csv
LunarLander-v3@tunedbase,LunarLander-v3,rule_noop,0.0,3,규칙(지문없음),-131.8818159931876,-131.8818159931876,0.0,1.0,70.46,100,0.0,0,results/raw/LunarLander-v3@tunedbase/rule_noop/lam0.0/seed3_final.csv
LunarLander-v3@tunedbase,LunarLander-v3,rule_noop,0.0,4,규칙(지문없음),-130.38221243357486,-130.38221243357486,0.0,1.0,71.1,100,0.0,0,results/raw/LunarLander-v3@tunedbase/rule_noop/lam0.0/seed4_final.csv
LunarLander-v3@tunedbase,LunarLander-v3,rule_noop,0.0,5,규칙(지문없음),-127.18563751029649,-127.18563751029649,0.0,1.0,70.44,100,0.0,0,results/raw/LunarLander-v3@tunedbase/rule_noop/lam0.0/seed5_final.csv
LunarLander-v3@tunedbase,LunarLander-v3,rule_noop,0.0,6,규칙(지문없음),-137.3242176656163,-137.3242176656163,0.0,1.0,71.24,100,0.0,0,results/raw/LunarLander-v3@tunedbase/rule_noop/lam0.0/seed6_final.csv
LunarLander-v3@tunedbase,LunarLander-v3,rule_noop,0.0,7,규칙(지문없음),-134.09630209594516,-134.09630209594516,0.0,1.0,69.54,100,0.0,0,results/raw/LunarLander-v3@tunedbase/rule_noop/lam0.0/seed7_final.csv
LunarLander-v3@tunedbase,LunarLander-v3,rule_noop,0.0,8,규칙(지문없음),-128.35980192955157,-128.35980192955157,0.0,1.0,69.8,100,0.0,0,results/raw/LunarLander-v3@tunedbase/rule_noop/lam0.0/seed8_final.csv
LunarLander-v3@tunedbase,LunarLander-v3,rule_noop,0.0,9,규칙(지문없음),-133.0830092653199,-133.0830092653199,0.0,1.0,69.98,100,0.0,0,results/raw/LunarLander-v3@tunedbase/rule_noop/lam0.0/seed9_final.csv
LunarLander-v3@tunedbase,LunarLander-v3,rule_noop,0.1,0,규칙(지문없음),-130.6083365462689,-130.6083365462689,0.0,1.0,72.16,100,0.0,0,results/raw/LunarLander-v3@tunedbase/rule_noop/lam0.1/seed0_final.csv
LunarLander-v3@tunedbase,LunarLander-v3,rule_noop,0.1,1,규칙(지문없음),-123.88320478804691,-123.88320478804691,0.0,1.0,70.14,100,0.001,0,results/raw/LunarLander-v3@tunedbase/rule_noop/lam0.1/seed1_final.csv
LunarLander-v3@tunedbase,LunarLander-v3,rule_noop,0.1,2,규칙(지문없음),-133.45451036251632,-133.45451036251632,0.0,1.0,71.86,100,0.001,0,results/raw/LunarLander-v3@tunedbase/rule_noop/lam0.1/seed2_final.csv
LunarLander-v3@tunedbase,LunarLander-v3,rule_noop,0.1,3,규칙(지문없음),-131.8818159931876,-131.8818159931876,0.0,1.0,70.46,100,0.0,0,results/raw/LunarLander-v3@tunedbase/rule_noop/lam0.1/seed3_final.csv
LunarLander-v3@tunedbase,LunarLander-v3,rule_noop,0.1,4,규칙(지문없음),-130.38221243357486,-130.38221243357486,0.0,1.0,71.1,100,0.0,0,results/raw/LunarLander-v3@tunedbase/rule_noop/lam0.1/seed4_final.csv
LunarLander-v3@tunedbase,LunarLander-v3,rule_noop,0.1,5,규칙(지문없음),-127.18563751029649,-127.18563751029649,0.0,1.0,70.44,100,0.0,0,results/raw/LunarLander-v3@tunedbase/rule_noop/lam0.1/seed5_final.csv
LunarLander-v3@tunedbase,LunarLander-v3,rule_noop,0.1,6,규칙(지문없음),-137.3242176656163,-137.3242176656163,0.0,1.0,71.24,100,0.0,0,results/raw/LunarLander-v3@tunedbase/rule_noop/lam0.1/seed6_final.csv
LunarLander-v3@tunedbase,LunarLander-v3,rule_noop,0.1,7,규칙(지문없음),-134.09630209594516,-134.09630209594516,0.0,1.0,69.54,100,0.0,0,results/raw/LunarLander-v3@tunedbase/rule_noop/lam0.1/seed7_final.csv
LunarLander-v3@tunedbase,LunarLander-v3,rule_noop,0.1,8,규칙(지문없음),-128.35980192955157,-128.35980192955157,0.0,1.0,69.8,100,0.0,0,results/raw/LunarLander-v3@tunedbase/rule_noop/lam0.1/seed8_final.csv
LunarLander-v3@tunedbase,LunarLander-v3,rule_noop,0.1,9,규칙(지문없음),-133.0830092653199,-133.0830092653199,0.0,1.0,69.98,100,0.0,0,results/raw/LunarLander-v3@tunedbase/rule_noop/lam0.1/seed9_final.csv
LunarLander-v3@tunedbase,LunarLander-v3,rule_noop,0.3,0,규칙(지문없음),-130.6083365462689,-130.6083365462689,0.0,1.0,72.16,100,0.0,0,results/raw/LunarLander-v3@tunedbase/rule_noop/lam0.3/seed0_final.csv
LunarLander-v3@tunedbase,LunarLander-v3,rule_noop,0.3,1,규칙(지문없음),-123.88320478804691,-123.88320478804691,0.0,1.0,70.14,100,0.001,0,results/raw/LunarLander-v3@tunedbase/rule_noop/lam0.3/seed1_final.csv
LunarLander-v3@tunedbase,LunarLander-v3,rule_noop,0.3,2,규칙(지문없음),-133.45451036251632,-133.45451036251632,0.0,1.0,71.86,100,0.0,0,results/raw/LunarLander-v3@tunedbase/rule_noop/lam0.3/seed2_final.csv
LunarLander-v3@tunedbase,LunarLander-v3,rule_noop,0.3,3,규칙(지문없음),-131.8818159931876,-131.8818159931876,0.0,1.0,70.46,100,0.0,0,results/raw/LunarLander-v3@tunedbase/rule_noop/lam0.3/seed3_final.csv
LunarLander-v3@tunedbase,LunarLander-v3,rule_noop,0.3,4,규칙(지문없음),-130.38221243357486,-130.38221243357486,0.0,1.0,71.1,100,0.0,0,results/raw/LunarLander-v3@tunedbase/rule_noop/lam0.3/seed4_final.csv
LunarLander-v3@tunedbase,LunarLander-v3,rule_noop,0.3,5,규칙(지문없음),-127.18563751029649,-127.18563751029649,0.0,1.0,70.44,100,0.0,0,results/raw/LunarLander-v3@tunedbase/rule_noop/lam0.3/seed5_final.csv
LunarLander-v3@tunedbase,LunarLander-v3,rule_noop,0.3,6,규칙(지문없음),-137.3242176656163,-137.3242176656163,0.0,1.0,71.24,100,0.0,0,results/raw/LunarLander-v3@tunedbase/rule_noop/lam0.3/seed6_final.csv
LunarLander-v3@tunedbase,LunarLander-v3,rule_noop,0.3,7,규칙(지문없음),-134.09630209594516,-134.09630209594516,0.0,1.0,69.54,100,0.0,0,results/raw/LunarLander-v3@tunedbase/rule_noop/lam0.3/seed7_final.csv
LunarLander-v3@tunedbase,LunarLander-v3,rule_noop,0.3,8,규칙(지문없음),-128.35980192955157,-128.35980192955157,0.0,1.0,69.8,100,0.0,0,results/raw/LunarLander-v3@tunedbase/rule_noop/lam0.3/seed8_final.csv
LunarLander-v3@tunedbase,LunarLander-v3,rule_noop,0.3,9,규칙(지문없음),-133.0830092653199,-133.0830092653199,0.0,1.0,69.98,100,0.0,0,results/raw/LunarLander-v3@tunedbase/rule_noop/lam0.3/seed9_final.csv
LunarLander-v3@tunedbase,LunarLander-v3,rule_noop,0.6,0,규칙(지문없음),-130.6083365462689,-130.6083365462689,0.0,1.0,72.16,100,0.001,0,results/raw/LunarLander-v3@tunedbase/rule_noop/lam0.6/seed0_final.csv
LunarLander-v3@tunedbase,LunarLander-v3,rule_noop,0.6,1,규칙(지문없음),-123.88320478804691,-123.88320478804691,0.0,1.0,70.14,100,0.0,0,results/raw/LunarLander-v3@tunedbase/rule_noop/lam0.6/seed1_final.csv
LunarLander-v3@tunedbase,LunarLander-v3,rule_noop,0.6,2,규칙(지문없음),-133.45451036251632,-133.45451036251632,0.0,1.0,71.86,100,0.0,0,results/raw/LunarLander-v3@tunedbase/rule_noop/lam0.6/seed2_final.csv
LunarLander-v3@tunedbase,LunarLander-v3,rule_noop,0.6,3,규칙(지문없음),-131.8818159931876,-131.8818159931876,0.0,1.0,70.46,100,0.0,0,results/raw/LunarLander-v3@tunedbase/rule_noop/lam0.6/seed3_final.csv
LunarLander-v3@tunedbase,LunarLander-v3,rule_noop,0.6,4,규칙(지문없음),-130.38221243357486,-130.38221243357486,0.0,1.0,71.1,100,0.0,0,results/raw/LunarLander-v3@tunedbase/rule_noop/lam0.6/seed4_final.csv
LunarLander-v3@tunedbase,LunarLander-v3,rule_noop,0.6,5,규칙(지문없음),-127.18563751029649,-127.18563751029649,0.0,1.0,70.44,100,0.0,0,results/raw/LunarLander-v3@tunedbase/rule_noop/lam0.6/seed5_final.csv
LunarLander-v3@tunedbase,LunarLander-v3,rule_noop,0.6,6,규칙(지문없음),-137.3242176656163,-137.3242176656163,0.0,1.0,71.24,100,0.0,0,results/raw/LunarLander-v3@tunedbase/rule_noop/lam0.6/seed6_final.csv
LunarLander-v3@tunedbase,LunarLander-v3,rule_noop,0.6,7,규칙(지문없음),-134.09630209594516,-134.09630209594516,0.0,1.0,69.54,100,0.0,0,results/raw/LunarLander-v3@tunedbase/rule_noop/lam0.6/seed7_final.csv
LunarLander-v3@tunedbase,LunarLander-v3,rule_noop,0.6,8,규칙(지문없음),-128.35980192955157,-128.35980192955157,0.0,1.0,69.8,100,0.0,0,results/raw/LunarLander-v3@tunedbase/rule_noop/lam0.6/seed8_final.csv
LunarLander-v3@tunedbase,LunarLander-v3,rule_noop,0.6,9,규칙(지문없음),-133.0830092653199,-133.0830092653199,0.0,1.0,69.98,100,0.0,0,results/raw/LunarLander-v3@tunedbase/rule_noop/lam0.6/seed9_final.csv
LunarLander-v3@tunedbase,LunarLander-v3,rule_noop,1.0,0,규칙(지문없음),-130.6083365462689,-130.6083365462689,0.0,1.0,72.16,100,0.0,0,results/raw/LunarLander-v3@tunedbase/rule_noop/lam1.0/seed0_final.csv
LunarLander-v3@tunedbase,LunarLander-v3,rule_noop,1.0,1,규칙(지문없음),-123.88320478804691,-123.88320478804691,0.0,1.0,70.14,100,0.0,0,results/raw/LunarLander-v3@tunedbase/rule_noop/lam1.0/seed1_final.csv
LunarLander-v3@tunedbase,LunarLander-v3,rule_noop,1.0,2,규칙(지문없음),-133.45451036251632,-133.45451036251632,0.0,1.0,71.86,100,0.0,0,results/raw/LunarLander-v3@tunedbase/rule_noop/lam1.0/seed2_final.csv
LunarLander-v3@tunedbase,LunarLander-v3,rule_noop,1.0,3,규칙(지문없음),-131.8818159931876,-131.8818159931876,0.0,1.0,70.46,100,0.0,0,results/raw/LunarLander-v3@tunedbase/rule_noop/lam1.0/seed3_final.csv
LunarLander-v3@tunedbase,LunarLander-v3,rule_noop,1.0,4,규칙(지문없음),-130.38221243357486,-130.38221243357486,0.0,1.0,71.1,100,0.0,0,results/raw/LunarLander-v3@tunedbase/rule_noop/lam1.0/seed4_final.csv
LunarLander-v3@tunedbase,LunarLander-v3,rule_noop,1.0,5,규칙(지문없음),-127.18563751029649,-127.18563751029649,0.0,1.0,70.44,100,0.0,0,results/raw/LunarLander-v3@tunedbase/rule_noop/lam1.0/seed5_final.csv
LunarLander-v3@tunedbase,LunarLander-v3,rule_noop,1.0,6,규칙(지문없음),-137.3242176656163,-137.3242176656163,0.0,1.0,71.24,100,0.0,0,results/raw/LunarLander-v3@tunedbase/rule_noop/lam1.0/seed6_final.csv
LunarLander-v3@tunedbase,LunarLander-v3,rule_noop,1.0,7,규칙(지문없음),-134.09630209594516,-134.09630209594516,0.0,1.0,69.54,100,0.0,0,results/raw/LunarLander-v3@tunedbase/rule_noop/lam1.0/seed7_final.csv
LunarLander-v3@tunedbase,LunarLander-v3,rule_noop,1.0,8,규칙(지문없음),-128.35980192955157,-128.35980192955157,0.0,1.0,69.8,100,0.0,0,results/raw/LunarLander-v3@tunedbase/rule_noop/lam1.0/seed8_final.csv
LunarLander-v3@tunedbase,LunarLander-v3,rule_noop,1.0,9,규칙(지문없음),-133.0830092653199,-133.0830092653199,0.0,1.0,69.98,100,0.001,0,results/raw/LunarLander-v3@tunedbase/rule_noop/lam1.0/seed9_final.csv
LunarLander-v3@tunedbase,LunarLander-v3,rule_noop,1.2,0,규칙(지문없음),-130.6083365462689,-130.6083365462689,0.0,1.0,72.16,100,0.0,0,results/raw/LunarLander-v3@tunedbase/rule_noop/lam1.2/seed0_final.csv
LunarLander-v3@tunedbase,LunarLander-v3,rule_noop,1.2,1,규칙(지문없음),-123.88320478804691,-123.88320478804691,0.0,1.0,70.14,100,0.0,0,results/raw/LunarLander-v3@tunedbase/rule_noop/lam1.2/seed1_final.csv
LunarLander-v3@tunedbase,LunarLander-v3,rule_noop,1.2,2,규칙(지문없음),-133.45451036251632,-133.45451036251632,0.0,1.0,71.86,100,0.0,0,results/raw/LunarLander-v3@tunedbase/rule_noop/lam1.2/seed2_final.csv
LunarLander-v3@tunedbase,LunarLander-v3,rule_noop,1.2,3,규칙(지문없음),-131.8818159931876,-131.8818159931876,0.0,1.0,70.46,100,0.0,0,results/raw/LunarLander-v3@tunedbase/rule_noop/lam1.2/seed3_final.csv
LunarLander-v3@tunedbase,LunarLander-v3,rule_noop,1.2,4,규칙(지문없음),-130.38221243357486,-130.38221243357486,0.0,1.0,71.1,100,0.0,0,results/raw/LunarLander-v3@tunedbase/rule_noop/lam1.2/seed4_final.csv
LunarLander-v3@tunedbase,LunarLander-v3,rule_noop,1.2,5,규칙(지문없음),-127.18563751029649,-127.18563751029649,0.0,1.0,70.44,100,0.0,0,results/raw/LunarLander-v3@tunedbase/rule_noop/lam1.2/seed5_final.csv
LunarLander-v3@tunedbase,LunarLander-v3,rule_noop,1.2,6,규칙(지문없음),-137.3242176656163,-137.3242176656163,0.0,1.0,71.24,100,0.0,0,results/raw/LunarLander-v3@tunedbase/rule_noop/lam1.2/seed6_final.csv
LunarLander-v3@tunedbase,LunarLander-v3,rule_noop,1.2,7,규칙(지문없음),-134.09630209594516,-134.09630209594516,0.0,1.0,69.54,100,0.0,0,results/raw/LunarLander-v3@tunedbase/rule_noop/lam1.2/seed7_final.csv
LunarLander-v3@tunedbase,LunarLander-v3,rule_noop,1.2,8,규칙(지문없음),-128.35980192955157,-128.35980192955157,0.0,1.0,69.8,100,0.0,0,results/raw/LunarLander-v3@tunedbase/rule_noop/lam1.2/seed8_final.csv
LunarLander-v3@tunedbase,LunarLander-v3,rule_noop,1.2,9,규칙(지문없음),-133.0830092653199,-133.0830092653199,0.0,1.0,69.98,100,0.0,0,results/raw/LunarLander-v3@tunedbase/rule_noop/lam1.2/seed9_final.csv
LunarLander-v3@tunedbase,LunarLander-v3,rule_noop,1.37,0,규칙(지문없음),-130.6083365462689,-130.6083365462689,0.0,1.0,72.16,100,0.0,0,results/raw/LunarLander-v3@tunedbase/rule_noop/lam1.37/seed0_final.csv
LunarLander-v3@tunedbase,LunarLander-v3,rule_noop,1.37,1,규칙(지문없음),-123.88320478804691,-123.88320478804691,0.0,1.0,70.14,100,0.0,0,results/raw/LunarLander-v3@tunedbase/rule_noop/lam1.37/seed1_final.csv
LunarLander-v3@tunedbase,LunarLander-v3,rule_noop,1.37,2,규칙(지문없음),-133.45451036251632,-133.45451036251632,0.0,1.0,71.86,100,0.0,0,results/raw/LunarLander-v3@tunedbase/rule_noop/lam1.37/seed2_final.csv
LunarLander-v3@tunedbase,LunarLander-v3,rule_noop,1.37,3,규칙(지문없음),-131.8818159931876,-131.8818159931876,0.0,1.0,70.46,100,0.0,0,results/raw/LunarLander-v3@tunedbase/rule_noop/lam1.37/seed3_final.csv
LunarLander-v3@tunedbase,LunarLander-v3,rule_noop,1.37,4,규칙(지문없음),-130.38221243357486,-130.38221243357486,0.0,1.0,71.1,100,0.0,0,results/raw/LunarLander-v3@tunedbase/rule_noop/lam1.37/seed4_final.csv
LunarLander-v3@tunedbase,LunarLander-v3,rule_noop,1.37,5,규칙(지문없음),-127.18563751029649,-127.18563751029649,0.0,1.0,70.44,100,0.0,0,results/raw/LunarLander-v3@tunedbase/rule_noop/lam1.37/seed5_final.csv
LunarLander-v3@tunedbase,LunarLander-v3,rule_noop,1.37,6,규칙(지문없음),-137.3242176656163,-137.3242176656163,0.0,1.0,71.24,100,0.003,0,results/raw/LunarLander-v3@tunedbase/rule_noop/lam1.37/seed6_final.csv
LunarLander-v3@tunedbase,LunarLander-v3,rule_noop,1.37,7,규칙(지문없음),-134.09630209594516,-134.09630209594516,0.0,1.0,69.54,100,0.0,0,results/raw/LunarLander-v3@tunedbase/rule_noop/lam1.37/seed7_final.csv
LunarLander-v3@tunedbase,LunarLander-v3,rule_noop,1.37,8,규칙(지문없음),-128.35980192955157,-128.35980192955157,0.0,1.0,69.8,100,0.0,0,results/raw/LunarLander-v3@tunedbase/rule_noop/lam1.37/seed8_final.csv
LunarLander-v3@tunedbase,LunarLander-v3,rule_noop,1.37,9,규칙(지문없음),-133.0830092653199,-133.0830092653199,0.0,1.0,69.98,100,0.0,0,results/raw/LunarLander-v3@tunedbase/rule_noop/lam1.37/seed9_final.csv
LunarLander-v3@tunedbase,LunarLander-v3,rule_noop,1.6,0,규칙(지문없음),-130.6083365462689,-130.6083365462689,0.0,1.0,72.16,100,0.0,0,results/raw/LunarLander-v3@tunedbase/rule_noop/lam1.6/seed0_final.csv
LunarLander-v3@tunedbase,LunarLander-v3,rule_noop,1.6,1,규칙(지문없음),-123.88320478804691,-123.88320478804691,0.0,1.0,70.14,100,0.0,0,results/raw/LunarLander-v3@tunedbase/rule_noop/lam1.6/seed1_final.csv
LunarLander-v3@tunedbase,LunarLander-v3,rule_noop,1.6,2,규칙(지문없음),-133.45451036251632,-133.45451036251632,0.0,1.0,71.86,100,0.0,0,results/raw/LunarLander-v3@tunedbase/rule_noop/lam1.6/seed2_final.csv
LunarLander-v3@tunedbase,LunarLander-v3,rule_noop,1.6,3,규칙(지문없음),-131.8818159931876,-131.8818159931876,0.0,1.0,70.46,100,0.0,0,results/raw/LunarLander-v3@tunedbase/rule_noop/lam1.6/seed3_final.csv
LunarLander-v3@tunedbase,LunarLander-v3,rule_noop,1.6,4,규칙(지문없음),-130.38221243357486,-130.38221243357486,0.0,1.0,71.1,100,0.0,0,results/raw/LunarLander-v3@tunedbase/rule_noop/lam1.6/seed4_final.csv
LunarLander-v3@tunedbase,LunarLander-v3,rule_noop,1.6,5,규칙(지문없음),-127.18563751029649,-127.18563751029649,0.0,1.0,70.44,100,0.0,0,results/raw/LunarLander-v3@tunedbase/rule_noop/lam1.6/seed5_final.csv
LunarLander-v3@tunedbase,LunarLander-v3,rule_noop,1.6,6,규칙(지문없음),-137.3242176656163,-137.3242176656163,0.0,1.0,71.24,100,0.0,0,results/raw/LunarLander-v3@tunedbase/rule_noop/lam1.6/seed6_final.csv
LunarLander-v3@tunedbase,LunarLander-v3,rule_noop,1.6,7,규칙(지문없음),-134.09630209594516,-134.09630209594516,0.0,1.0,69.54,100,0.002,0,results/raw/LunarLander-v3@tunedbase/rule_noop/lam1.6/seed7_final.csv
LunarLander-v3@tunedbase,LunarLander-v3,rule_noop,1.6,8,규칙(지문없음),-128.35980192955157,-128.35980192955157,0.0,1.0,69.8,100,0.0,0,results/raw/LunarLander-v3@tunedbase/rule_noop/lam1.6/seed8_final.csv
LunarLander-v3@tunedbase,LunarLander-v3,rule_noop,1.6,9,규칙(지문없음),-133.0830092653199,-133.0830092653199,0.0,1.0,69.98,100,0.0,0,results/raw/LunarLander-v3@tunedbase/rule_noop/lam1.6/seed9_final.csv
LunarLander-v3@tunedbase,LunarLander-v3,rule_noop,1.8,0,규칙(지문없음),-130.6083365462689,-130.6083365462689,0.0,1.0,72.16,100,0.0,0,results/raw/LunarLander-v3@tunedbase/rule_noop/lam1.8/seed0_final.csv
LunarLander-v3@tunedbase,LunarLander-v3,rule_noop,1.8,1,규칙(지문없음),-123.88320478804691,-123.88320478804691,0.0,1.0,70.14,100,0.0,0,results/raw/LunarLander-v3@tunedbase/rule_noop/lam1.8/seed1_final.csv
LunarLander-v3@tunedbase,LunarLander-v3,rule_noop,1.8,2,규칙(지문없음),-133.45451036251632,-133.45451036251632,0.0,1.0,71.86,100,0.0,0,results/raw/LunarLander-v3@tunedbase/rule_noop/lam1.8/seed2_final.csv
LunarLander-v3@tunedbase,LunarLander-v3,rule_noop,1.8,3,규칙(지문없음),-131.8818159931876,-131.8818159931876,0.0,1.0,70.46,100,0.001,0,results/raw/LunarLander-v3@tunedbase/rule_noop/lam1.8/seed3_final.csv
LunarLander-v3@tunedbase,LunarLander-v3,rule_noop,1.8,4,규칙(지문없음),-130.38221243357486,-130.38221243357486,0.0,1.0,71.1,100,0.003,0,results/raw/LunarLander-v3@tunedbase/rule_noop/lam1.8/seed4_final.csv
LunarLander-v3@tunedbase,LunarLander-v3,rule_noop,1.8,5,규칙(지문없음),-127.18563751029649,-127.18563751029649,0.0,1.0,70.44,100,0.0,0,results/raw/LunarLander-v3@tunedbase/rule_noop/lam1.8/seed5_final.csv
LunarLander-v3@tunedbase,LunarLander-v3,rule_noop,1.8,6,규칙(지문없음),-137.3242176656163,-137.3242176656163,0.0,1.0,71.24,100,0.0,0,results/raw/LunarLander-v3@tunedbase/rule_noop/lam1.8/seed6_final.csv
LunarLander-v3@tunedbase,LunarLander-v3,rule_noop,1.8,7,규칙(지문없음),-134.09630209594516,-134.09630209594516,0.0,1.0,69.54,100,0.0,0,results/raw/LunarLander-v3@tunedbase/rule_noop/lam1.8/seed7_final.csv
LunarLander-v3@tunedbase,LunarLander-v3,rule_noop,1.8,8,규칙(지문없음),-128.35980192955157,-128.35980192955157,0.0,1.0,69.8,100,0.0,0,results/raw/LunarLander-v3@tunedbase/rule_noop/lam1.8/seed8_final.csv
LunarLander-v3@tunedbase,LunarLander-v3,rule_noop,1.8,9,규칙(지문없음),-133.0830092653199,-133.0830092653199,0.0,1.0,69.98,100,0.0,0,results/raw/LunarLander-v3@tunedbase/rule_noop/lam1.8/seed9_final.csv
LunarLander-v3@tunedbase,LunarLander-v3,rule_noop,2.0,0,규칙(지문없음),-130.6083365462689,-130.6083365462689,0.0,1.0,72.16,100,0.0,0,results/raw/LunarLander-v3@tunedbase/rule_noop/lam2.0/seed0_final.csv
LunarLander-v3@tunedbase,LunarLander-v3,rule_noop,2.0,1,규칙(지문없음),-123.88320478804691,-123.88320478804691,0.0,1.0,70.14,100,0.0,0,results/raw/LunarLander-v3@tunedbase/rule_noop/lam2.0/seed1_final.csv
LunarLander-v3@tunedbase,LunarLander-v3,rule_noop,2.0,2,규칙(지문없음),-133.45451036251632,-133.45451036251632,0.0,1.0,71.86,100,0.0,0,results/raw/LunarLander-v3@tunedbase/rule_noop/lam2.0/seed2_final.csv
LunarLander-v3@tunedbase,LunarLander-v3,rule_noop,2.0,3,규칙(지문없음),-131.8818159931876,-131.8818159931876,0.0,1.0,70.46,100,0.0,0,results/raw/LunarLander-v3@tunedbase/rule_noop/lam2.0/seed3_final.csv
LunarLander-v3@tunedbase,LunarLander-v3,rule_noop,2.0,4,규칙(지문없음),-130.38221243357486,-130.38221243357486,0.0,1.0,71.1,100,0.0,0,results/raw/LunarLander-v3@tunedbase/rule_noop/lam2.0/seed4_final.csv
LunarLander-v3@tunedbase,LunarLander-v3,rule_noop,2.0,5,규칙(지문없음),-127.18563751029649,-127.18563751029649,0.0,1.0,70.44,100,0.0,0,results/raw/LunarLander-v3@tunedbase/rule_noop/lam2.0/seed5_final.csv
LunarLander-v3@tunedbase,LunarLander-v3,rule_noop,2.0,6,규칙(지문없음),-137.3242176656163,-137.3242176656163,0.0,1.0,71.24,100,0.0,0,results/raw/LunarLander-v3@tunedbase/rule_noop/lam2.0/seed6_final.csv
LunarLander-v3@tunedbase,LunarLander-v3,rule_noop,2.0,7,규칙(지문없음),-134.09630209594516,-134.09630209594516,0.0,1.0,69.54,100,0.0,0,results/raw/LunarLander-v3@tunedbase/rule_noop/lam2.0/seed7_final.csv
LunarLander-v3@tunedbase,LunarLander-v3,rule_noop,2.0,8,규칙(지문없음),-128.35980192955157,-128.35980192955157,0.0,1.0,69.8,100,0.0,0,results/raw/LunarLander-v3@tunedbase/rule_noop/lam2.0/seed8_final.csv
LunarLander-v3@tunedbase,LunarLander-v3,rule_noop,2.0,9,규칙(지문없음),-133.0830092653199,-133.0830092653199,0.0,1.0,69.98,100,0.002,0,results/raw/LunarLander-v3@tunedbase/rule_noop/lam2.0/seed9_final.csv
LunarLander-v3@tunedbase,LunarLander-v3,rule_noop,2.5,0,규칙(지문없음),-130.6083365462689,-130.6083365462689,0.0,1.0,72.16,100,0.0,0,results/raw/LunarLander-v3@tunedbase/rule_noop/lam2.5/seed0_final.csv
LunarLander-v3@tunedbase,LunarLander-v3,rule_noop,2.5,1,규칙(지문없음),-123.88320478804691,-123.88320478804691,0.0,1.0,70.14,100,0.0,0,results/raw/LunarLander-v3@tunedbase/rule_noop/lam2.5/seed1_final.csv
LunarLander-v3@tunedbase,LunarLander-v3,rule_noop,2.5,2,규칙(지문없음),-133.45451036251632,-133.45451036251632,0.0,1.0,71.86,100,0.0,0,results/raw/LunarLander-v3@tunedbase/rule_noop/lam2.5/seed2_final.csv
LunarLander-v3@tunedbase,LunarLander-v3,rule_noop,2.5,3,규칙(지문없음),-131.8818159931876,-131.8818159931876,0.0,1.0,70.46,100,0.0,0,results/raw/LunarLander-v3@tunedbase/rule_noop/lam2.5/seed3_final.csv
LunarLander-v3@tunedbase,LunarLander-v3,rule_noop,2.5,4,규칙(지문없음),-130.38221243357486,-130.38221243357486,0.0,1.0,71.1,100,0.0,0,results/raw/LunarLander-v3@tunedbase/rule_noop/lam2.5/seed4_final.csv
LunarLander-v3@tunedbase,LunarLander-v3,rule_noop,2.5,5,규칙(지문없음),-127.18563751029649,-127.18563751029649,0.0,1.0,70.44,100,0.0,0,results/raw/LunarLander-v3@tunedbase/rule_noop/lam2.5/seed5_final.csv
LunarLander-v3@tunedbase,LunarLander-v3,rule_noop,2.5,6,규칙(지문없음),-137.3242176656163,-137.3242176656163,0.0,1.0,71.24,100,0.001,0,results/raw/LunarLander-v3@tunedbase/rule_noop/lam2.5/seed6_final.csv
LunarLander-v3@tunedbase,LunarLander-v3,rule_noop,2.5,7,규칙(지문없음),-134.09630209594516,-134.09630209594516,0.0,1.0,69.54,100,0.0,0,results/raw/LunarLander-v3@tunedbase/rule_noop/lam2.5/seed7_final.csv
LunarLander-v3@tunedbase,LunarLander-v3,rule_noop,2.5,8,규칙(지문없음),-128.35980192955157,-128.35980192955157,0.0,1.0,69.8,100,0.0,0,results/raw/LunarLander-v3@tunedbase/rule_noop/lam2.5/seed8_final.csv
LunarLander-v3@tunedbase,LunarLander-v3,rule_noop,2.5,9,규칙(지문없음),-133.0830092653199,-133.0830092653199,0.0,1.0,69.98,100,0.0,0,results/raw/LunarLander-v3@tunedbase/rule_noop/lam2.5/seed9_final.csv
LunarLander-v3@tunedbase,LunarLander-v3,rule_noop,3.0,0,규칙(지문없음),-130.6083365462689,-130.6083365462689,0.0,1.0,72.16,100,0.0,0,results/raw/LunarLander-v3@tunedbase/rule_noop/lam3.0/seed0_final.csv
LunarLander-v3@tunedbase,LunarLander-v3,rule_noop,3.0,1,규칙(지문없음),-123.88320478804691,-123.88320478804691,0.0,1.0,70.14,100,0.0,0,results/raw/LunarLander-v3@tunedbase/rule_noop/lam3.0/seed1_final.csv
LunarLander-v3@tunedbase,LunarLander-v3,rule_noop,3.0,2,규칙(지문없음),-133.45451036251632,-133.45451036251632,0.0,1.0,71.86,100,0.0,0,results/raw/LunarLander-v3@tunedbase/rule_noop/lam3.0/seed2_final.csv
LunarLander-v3@tunedbase,LunarLander-v3,rule_noop,3.0,3,규칙(지문없음),-131.8818159931876,-131.8818159931876,0.0,1.0,70.46,100,0.0,0,results/raw/LunarLander-v3@tunedbase/rule_noop/lam3.0/seed3_final.csv
LunarLander-v3@tunedbase,LunarLander-v3,rule_noop,3.0,4,규칙(지문없음),-130.38221243357486,-130.38221243357486,0.0,1.0,71.1,100,0.001,0,results/raw/LunarLander-v3@tunedbase/rule_noop/lam3.0/seed4_final.csv
LunarLander-v3@tunedbase,LunarLander-v3,rule_noop,3.0,5,규칙(지문없음),-127.18563751029649,-127.18563751029649,0.0,1.0,70.44,100,0.0,0,results/raw/LunarLander-v3@tunedbase/rule_noop/lam3.0/seed5_final.csv
LunarLander-v3@tunedbase,LunarLander-v3,rule_noop,3.0,6,규칙(지문없음),-137.3242176656163,-137.3242176656163,0.0,1.0,71.24,100,0.0,0,results/raw/LunarLander-v3@tunedbase/rule_noop/lam3.0/seed6_final.csv
LunarLander-v3@tunedbase,LunarLander-v3,rule_noop,3.0,7,규칙(지문없음),-134.09630209594516,-134.09630209594516,0.0,1.0,69.54,100,0.0,0,results/raw/LunarLander-v3@tunedbase/rule_noop/lam3.0/seed7_final.csv
LunarLander-v3@tunedbase,LunarLander-v3,rule_noop,3.0,8,규칙(지문없음),-128.35980192955157,-128.35980192955157,0.0,1.0,69.8,100,0.0,0,results/raw/LunarLander-v3@tunedbase/rule_noop/lam3.0/seed8_final.csv
LunarLander-v3@tunedbase,LunarLander-v3,rule_noop,3.0,9,규칙(지문없음),-133.0830092653199,-133.0830092653199,0.0,1.0,69.98,100,0.001,0,results/raw/LunarLander-v3@tunedbase/rule_noop/lam3.0/seed9_final.csv
LunarLander-v3@tunedbase,LunarLander-v3,rule_periodic_k1,0.0,0,규칙(지문없음),-599.4333801499201,-599.4333801499201,68.13,1.0,68.13,100,0.0,0,results/raw/LunarLander-v3@tunedbase/rule_periodic_k1/lam0.0/seed0_final.csv
LunarLander-v3@tunedbase,LunarLander-v3,rule_periodic_k1,0.0,1,규칙(지문없음),-575.739123990882,-575.739123990882,66.27,1.0,66.27,100,0.0,0,results/raw/LunarLander-v3@tunedbase/rule_periodic_k1/lam0.0/seed1_final.csv
LunarLander-v3@tunedbase,LunarLander-v3,rule_periodic_k1,0.0,2,규칙(지문없음),-587.7806309885132,-587.7806309885132,67.83,1.0,67.83,100,0.0,0,results/raw/LunarLander-v3@tunedbase/rule_periodic_k1/lam0.0/seed2_final.csv
LunarLander-v3@tunedbase,LunarLander-v3,rule_periodic_k1,0.0,3,규칙(지문없음),-560.9211569731219,-560.9211569731219,67.19,1.0,67.19,100,0.0,0,results/raw/LunarLander-v3@tunedbase/rule_periodic_k1/lam0.0/seed3_final.csv
LunarLander-v3@tunedbase,LunarLander-v3,rule_periodic_k1,0.0,4,규칙(지문없음),-578.6657277077187,-578.6657277077187,66.69,1.0,66.69,100,0.0,0,results/raw/LunarLander-v3@tunedbase/rule_periodic_k1/lam0.0/seed4_final.csv
LunarLander-v3@tunedbase,LunarLander-v3,rule_periodic_k1,0.0,5,규칙(지문없음),-585.8453839572215,-585.8453839572215,66.75,1.0,66.75,100,0.0,0,results/raw/LunarLander-v3@tunedbase/rule_periodic_k1/lam0.0/seed5_final.csv
LunarLander-v3@tunedbase,LunarLander-v3,rule_periodic_k1,0.0,6,규칙(지문없음),-581.823705566254,-581.823705566254,68.59,1.0,68.59,100,0.0,0,results/raw/LunarLander-v3@tunedbase/rule_periodic_k1/lam0.0/seed6_final.csv
LunarLander-v3@tunedbase,LunarLander-v3,rule_periodic_k1,0.0,7,규칙(지문없음),-573.7912133384227,-573.7912133384227,66.64,1.0,66.64,100,0.0,0,results/raw/LunarLander-v3@tunedbase/rule_periodic_k1/lam0.0/seed7_final.csv
LunarLander-v3@tunedbase,LunarLander-v3,rule_periodic_k1,0.0,8,규칙(지문없음),-583.7249977839475,-583.7249977839475,66.9,1.0,66.9,100,0.0,0,results/raw/LunarLander-v3@tunedbase/rule_periodic_k1/lam0.0/seed8_final.csv
LunarLander-v3@tunedbase,LunarLander-v3,rule_periodic_k1,0.0,9,규칙(지문없음),-583.2030100940276,-583.2030100940276,67.21,1.0,67.21,100,0.0,0,results/raw/LunarLander-v3@tunedbase/rule_periodic_k1/lam0.0/seed9_final.csv
LunarLander-v3@tunedbase,LunarLander-v3,rule_periodic_k1,0.1,0,규칙(지문없음),-606.2463801499201,-599.4333801499201,68.13,1.0,68.13,100,0.001,0,results/raw/LunarLander-v3@tunedbase/rule_periodic_k1/lam0.1/seed0_final.csv
LunarLander-v3@tunedbase,LunarLander-v3,rule_periodic_k1,0.1,1,규칙(지문없음),-582.3661239908821,-575.739123990882,66.27,1.0,66.27,100,0.0,0,results/raw/LunarLander-v3@tunedbase/rule_periodic_k1/lam0.1/seed1_final.csv
LunarLander-v3@tunedbase,LunarLander-v3,rule_periodic_k1,0.1,2,규칙(지문없음),-594.5636309885133,-587.7806309885132,67.83,1.0,67.83,100,0.0,0,results/raw/LunarLander-v3@tunedbase/rule_periodic_k1/lam0.1/seed2_final.csv
LunarLander-v3@tunedbase,LunarLander-v3,rule_periodic_k1,0.1,3,규칙(지문없음),-567.640156973122,-560.9211569731219,67.19,1.0,67.19,100,0.0,0,results/raw/LunarLander-v3@tunedbase/rule_periodic_k1/lam0.1/seed3_final.csv
LunarLander-v3@tunedbase,LunarLander-v3,rule_periodic_k1,0.1,4,규칙(지문없음),-585.3347277077187,-578.6657277077187,66.69,1.0,66.69,100,0.002,0,results/raw/LunarLander-v3@tunedbase/rule_periodic_k1/lam0.1/seed4_final.csv
LunarLander-v3@tunedbase,LunarLander-v3,rule_periodic_k1,0.1,5,규칙(지문없음),-592.5203839572215,-585.8453839572215,66.75,1.0,66.75,100,0.0,0,results/raw/LunarLander-v3@tunedbase/rule_periodic_k1/lam0.1/seed5_final.csv
LunarLander-v3@tunedbase,LunarLander-v3,rule_periodic_k1,0.1,6,규칙(지문없음),-588.682705566254,-581.823705566254,68.59,1.0,68.59,100,0.0,0,results/raw/LunarLander-v3@tunedbase/rule_periodic_k1/lam0.1/seed6_final.csv
LunarLander-v3@tunedbase,LunarLander-v3,rule_periodic_k1,0.1,7,규칙(지문없음),-580.4552133384227,-573.7912133384227,66.64,1.0,66.64,100,0.0,0,results/raw/LunarLander-v3@tunedbase/rule_periodic_k1/lam0.1/seed7_final.csv
LunarLander-v3@tunedbase,LunarLander-v3,rule_periodic_k1,0.1,8,규칙(지문없음),-590.4149977839476,-583.7249977839475,66.9,1.0,66.9,100,0.0,0,results/raw/LunarLander-v3@tunedbase/rule_periodic_k1/lam0.1/seed8_final.csv
LunarLander-v3@tunedbase,LunarLander-v3,rule_periodic_k1,0.1,9,규칙(지문없음),-589.9240100940276,-583.2030100940276,67.21,1.0,67.21,100,0.0,0,results/raw/LunarLander-v3@tunedbase/rule_periodic_k1/lam0.1/seed9_final.csv
LunarLander-v3@tunedbase,LunarLander-v3,rule_periodic_k1,0.3,0,규칙(지문없음),-619.8723801499202,-599.4333801499201,68.13,1.0,68.13,100,0.0,0,results/raw/LunarLander-v3@tunedbase/rule_periodic_k1/lam0.3/seed0_final.csv
LunarLander-v3@tunedbase,LunarLander-v3,rule_periodic_k1,0.3,1,규칙(지문없음),-595.6201239908821,-575.739123990882,66.27,1.0,66.27,100,0.0,0,results/raw/LunarLander-v3@tunedbase/rule_periodic_k1/lam0.3/seed1_final.csv
LunarLander-v3@tunedbase,LunarLander-v3,rule_periodic_k1,0.3,2,규칙(지문없음),-608.1296309885133,-587.7806309885132,67.83,1.0,67.83,100,0.0,0,results/raw/LunarLander-v3@tunedbase/rule_periodic_k1/lam0.3/seed2_final.csv
LunarLander-v3@tunedbase,LunarLander-v3,rule_periodic_k1,0.3,3,규칙(지문없음),-581.0781569731221,-560.9211569731219,67.19,1.0,67.19,100,0.0,0,results/raw/LunarLander-v3@tunedbase/rule_periodic_k1/lam0.3/seed3_final.csv
LunarLander-v3@tunedbase,LunarLander-v3,rule_periodic_k1,0.3,4,규칙(지문없음),-598.6727277077185,-578.6657277077187,66.69,1.0,66.69,100,0.0,0,results/raw/LunarLander-v3@tunedbase/rule_periodic_k1/lam0.3/seed4_final.csv
LunarLander-v3@tunedbase,LunarLander-v3,rule_periodic_k1,0.3,5,규칙(지문없음),-605.8703839572215,-585.8453839572215,66.75,1.0,66.75,100,0.0,0,results/raw/LunarLander-v3@tunedbase/rule_periodic_k1/lam0.3/seed5_final.csv
LunarLander-v3@tunedbase,LunarLander-v3,rule_periodic_k1,0.3,6,규칙(지문없음),-602.4007055662539,-581.823705566254,68.59,1.0,68.59,100,0.001,0,results/raw/LunarLander-v3@tunedbase/rule_periodic_k1/lam0.3/seed6_final.csv
LunarLander-v3@tunedbase,LunarLander-v3,rule_periodic_k1,0.3,7,규칙(지문없음),-593.7832133384227,-573.7912133384227,66.64,1.0,66.64,100,0.0,0,results/raw/LunarLander-v3@tunedbase/rule_periodic_k1/lam0.3/seed7_final.csv
LunarLander-v3@tunedbase,LunarLander-v3,rule_periodic_k1,0.3,8,규칙(지문없음),-603.7949977839476,-583.7249977839475,66.9,1.0,66.9,100,0.0,0,results/raw/LunarLander-v3@tunedbase/rule_periodic_k1/lam0.3/seed8_final.csv
LunarLander-v3@tunedbase,LunarLander-v3,rule_periodic_k1,0.3,9,규칙(지문없음),-603.3660100940276,-583.2030100940276,67.21,1.0,67.21,100,0.0,0,results/raw/LunarLander-v3@tunedbase/rule_periodic_k1/lam0.3/seed9_final.csv
LunarLander-v3@tunedbase,LunarLander-v3,rule_periodic_k1,0.6,0,규칙(지문없음),-640.3113801499202,-599.4333801499201,68.13,1.0,68.13,100,0.0,0,results/raw/LunarLander-v3@tunedbase/rule_periodic_k1/lam0.6/seed0_final.csv
LunarLander-v3@tunedbase,LunarLander-v3,rule_periodic_k1,0.6,1,규칙(지문없음),-615.5011239908821,-575.739123990882,66.27,1.0,66.27,100,0.001,0,results/raw/LunarLander-v3@tunedbase/rule_periodic_k1/lam0.6/seed1_final.csv
LunarLander-v3@tunedbase,LunarLander-v3,rule_periodic_k1,0.6,2,규칙(지문없음),-628.4786309885133,-587.7806309885132,67.83,1.0,67.83,100,0.001,0,results/raw/LunarLander-v3@tunedbase/rule_periodic_k1/lam0.6/seed2_final.csv
LunarLander-v3@tunedbase,LunarLander-v3,rule_periodic_k1,0.6,3,규칙(지문없음),-601.2351569731219,-560.9211569731219,67.19,1.0,67.19,100,0.0,0,results/raw/LunarLander-v3@tunedbase/rule_periodic_k1/lam0.6/seed3_final.csv
LunarLander-v3@tunedbase,LunarLander-v3,rule_periodic_k1,0.6,4,규칙(지문없음),-618.6797277077186,-578.6657277077187,66.69,1.0,66.69,100,0.0,0,results/raw/LunarLander-v3@tunedbase/rule_periodic_k1/lam0.6/seed4_final.csv
LunarLander-v3@tunedbase,LunarLander-v3,rule_periodic_k1,0.6,5,규칙(지문없음),-625.8953839572215,-585.8453839572215,66.75,1.0,66.75,100,0.0,0,results/raw/LunarLander-v3@tunedbase/rule_periodic_k1/lam0.6/seed5_final.csv
LunarLander-v3@tunedbase,LunarLander-v3,rule_periodic_k1,0.6,6,규칙(지문없음),-622.9777055662539,-581.823705566254,68.59,1.0,68.59,100,0.0,0,results/raw/LunarLander-v3@tunedbase/rule_periodic_k1/lam0.6/seed6_final.csv
LunarLander-v3@tunedbase,LunarLander-v3,rule_periodic_k1,0.6,7,규칙(지문없음),-613.7752133384228,-573.7912133384227,66.64,1.0,66.64,100,0.0,0,results/raw/LunarLander-v3@tunedbase/rule_periodic_k1/lam0.6/seed7_final.csv
LunarLander-v3@tunedbase,LunarLander-v3,rule_periodic_k1,0.6,8,규칙(지문없음),-623.8649977839475,-583.7249977839475,66.9,1.0,66.9,100,0.0,0,results/raw/LunarLander-v3@tunedbase/rule_periodic_k1/lam0.6/seed8_final.csv
LunarLander-v3@tunedbase,LunarLander-v3,rule_periodic_k1,0.6,9,규칙(지문없음),-623.5290100940276,-583.2030100940276,67.21,1.0,67.21,100,0.0,0,results/raw/LunarLander-v3@tunedbase/rule_periodic_k1/lam0.6/seed9_final.csv
LunarLander-v3@tunedbase,LunarLander-v3,rule_periodic_k1,1.0,0,규칙(지문없음),-667.5633801499202,-599.4333801499201,68.13,1.0,68.13,100,0.0,0,results/raw/LunarLander-v3@tunedbase/rule_periodic_k1/lam1.0/seed0_final.csv
LunarLander-v3@tunedbase,LunarLander-v3,rule_periodic_k1,1.0,1,규칙(지문없음),-642.0091239908821,-575.739123990882,66.27,1.0,66.27,100,0.0,0,results/raw/LunarLander-v3@tunedbase/rule_periodic_k1/lam1.0/seed1_final.csv
LunarLander-v3@tunedbase,LunarLander-v3,rule_periodic_k1,1.0,2,규칙(지문없음),-655.6106309885133,-587.7806309885132,67.83,1.0,67.83,100,0.0,0,results/raw/LunarLander-v3@tunedbase/rule_periodic_k1/lam1.0/seed2_final.csv
LunarLander-v3@tunedbase,LunarLander-v3,rule_periodic_k1,1.0,3,규칙(지문없음),-628.111156973122,-560.9211569731219,67.19,1.0,67.19,100,0.0,0,results/raw/LunarLander-v3@tunedbase/rule_periodic_k1/lam1.0/seed3_final.csv
LunarLander-v3@tunedbase,LunarLander-v3,rule_periodic_k1,1.0,4,규칙(지문없음),-645.3557277077185,-578.6657277077187,66.69,1.0,66.69,100,0.002,0,results/raw/LunarLander-v3@tunedbase/rule_periodic_k1/lam1.0/seed4_final.csv
LunarLander-v3@tunedbase,LunarLander-v3,rule_periodic_k1,1.0,5,규칙(지문없음),-652.5953839572215,-585.8453839572215,66.75,1.0,66.75,100,0.0,0,results/raw/LunarLander-v3@tunedbase/rule_periodic_k1/lam1.0/seed5_final.csv
LunarLander-v3@tunedbase,LunarLander-v3,rule_periodic_k1,1.0,6,규칙(지문없음),-650.413705566254,-581.823705566254,68.59,1.0,68.59,100,0.0,0,results/raw/LunarLander-v3@tunedbase/rule_periodic_k1/lam1.0/seed6_final.csv
LunarLander-v3@tunedbase,LunarLander-v3,rule_periodic_k1,1.0,7,규칙(지문없음),-640.4312133384227,-573.7912133384227,66.64,1.0,66.64,100,0.0,0,results/raw/LunarLander-v3@tunedbase/rule_periodic_k1/lam1.0/seed7_final.csv
LunarLander-v3@tunedbase,LunarLander-v3,rule_periodic_k1,1.0,8,규칙(지문없음),-650.6249977839475,-583.7249977839475,66.9,1.0,66.9,100,0.001,0,results/raw/LunarLander-v3@tunedbase/rule_periodic_k1/lam1.0/seed8_final.csv
LunarLander-v3@tunedbase,LunarLander-v3,rule_periodic_k1,1.0,9,규칙(지문없음),-650.4130100940275,-583.2030100940276,67.21,1.0,67.21,100,0.0,0,results/raw/LunarLander-v3@tunedbase/rule_periodic_k1/lam1.0/seed9_final.csv
LunarLander-v3@tunedbase,LunarLander-v3,rule_periodic_k1,1.2,0,규칙(지문없음),-681.1893801499202,-599.4333801499201,68.13,1.0,68.13,100,0.0,0,results/raw/LunarLander-v3@tunedbase/rule_periodic_k1/lam1.2/seed0_final.csv
LunarLander-v3@tunedbase,LunarLander-v3,rule_periodic_k1,1.2,1,규칙(지문없음),-655.263123990882,-575.739123990882,66.27,1.0,66.27,100,0.0,0,results/raw/LunarLander-v3@tunedbase/rule_periodic_k1/lam1.2/seed1_final.csv
LunarLander-v3@tunedbase,LunarLander-v3,rule_periodic_k1,1.2,2,규칙(지문없음),-669.1766309885132,-587.7806309885132,67.83,1.0,67.83,100,0.0,0,results/raw/LunarLander-v3@tunedbase/rule_periodic_k1/lam1.2/seed2_final.csv
LunarLander-v3@tunedbase,LunarLander-v3,rule_periodic_k1,1.2,3,규칙(지문없음),-641.549156973122,-560.9211569731219,67.19,1.0,67.19,100,0.0,0,results/raw/LunarLander-v3@tunedbase/rule_periodic_k1/lam1.2/seed3_final.csv
LunarLander-v3@tunedbase,LunarLander-v3,rule_periodic_k1,1.2,4,규칙(지문없음),-658.6937277077186,-578.6657277077187,66.69,1.0,66.69,100,0.0,0,results/raw/LunarLander-v3@tunedbase/rule_periodic_k1/lam1.2/seed4_final.csv
LunarLander-v3@tunedbase,LunarLander-v3,rule_periodic_k1,1.2,5,규칙(지문없음),-665.9453839572215,-585.8453839572215,66.75,1.0,66.75,100,0.0,0,results/raw/LunarLander-v3@tunedbase/rule_periodic_k1/lam1.2/seed5_final.csv
LunarLander-v3@tunedbase,LunarLander-v3,rule_periodic_k1,1.2,6,규칙(지문없음),-664.1317055662541,-581.823705566254,68.59,1.0,68.59,100,0.001,0,results/raw/LunarLander-v3@tunedbase/rule_periodic_k1/lam1.2/seed6_final.csv
LunarLander-v3@tunedbase,LunarLander-v3,rule_periodic_k1,1.2,7,규칙(지문없음),-653.7592133384228,-573.7912133384227,66.64,1.0,66.64,100,0.0,0,results/raw/LunarLander-v3@tunedbase/rule_periodic_k1/lam1.2/seed7_final.csv
LunarLander-v3@tunedbase,LunarLander-v3,rule_periodic_k1,1.2,8,규칙(지문없음),-664.0049977839476,-583.7249977839475,66.9,1.0,66.9,100,0.0,0,results/raw/LunarLander-v3@tunedbase/rule_periodic_k1/lam1.2/seed8_final.csv
LunarLander-v3@tunedbase,LunarLander-v3,rule_periodic_k1,1.2,9,규칙(지문없음),-663.8550100940275,-583.2030100940276,67.21,1.0,67.21,100,0.0,0,results/raw/LunarLander-v3@tunedbase/rule_periodic_k1/lam1.2/seed9_final.csv
LunarLander-v3@tunedbase,LunarLander-v3,rule_periodic_k1,1.37,0,규칙(지문없음),-692.7714801499202,-599.4333801499201,68.13,1.0,68.13,100,0.0,0,results/raw/LunarLander-v3@tunedbase/rule_periodic_k1/lam1.37/seed0_final.csv
LunarLander-v3@tunedbase,LunarLander-v3,rule_periodic_k1,1.37,1,규칙(지문없음),-666.5290239908821,-575.739123990882,66.27,1.0,66.27,100,0.006,0,results/raw/LunarLander-v3@tunedbase/rule_periodic_k1/lam1.37/seed1_final.csv
LunarLander-v3@tunedbase,LunarLander-v3,rule_periodic_k1,1.37,2,규칙(지문없음),-680.7077309885132,-587.7806309885132,67.83,1.0,67.83,100,0.0,0,results/raw/LunarLander-v3@tunedbase/rule_periodic_k1/lam1.37/seed2_final.csv
LunarLander-v3@tunedbase,LunarLander-v3,rule_periodic_k1,1.37,3,규칙(지문없음),-652.971456973122,-560.9211569731219,67.19,1.0,67.19,100,0.0,0,results/raw/LunarLander-v3@tunedbase/rule_periodic_k1/lam1.37/seed3_final.csv
LunarLander-v3@tunedbase,LunarLander-v3,rule_periodic_k1,1.37,4,규칙(지문없음),-670.0310277077187,-578.6657277077187,66.69,1.0,66.69,100,0.0,0,results/raw/LunarLander-v3@tunedbase/rule_periodic_k1/lam1.37/seed4_final.csv
LunarLander-v3@tunedbase,LunarLander-v3,rule_periodic_k1,1.37,5,규칙(지문없음),-677.2928839572213,-585.8453839572215,66.75,1.0,66.75,100,0.0,0,results/raw/LunarLander-v3@tunedbase/rule_periodic_k1/lam1.37/seed5_final.csv
LunarLander-v3@tunedbase,LunarLander-v3,rule_periodic_k1,1.37,6,규칙(지문없음),-675.7920055662539,-581.823705566254,68.59,1.0,68.59,100,0.0,0,results/raw/LunarLander-v3@tunedbase/rule_periodic_k1/lam1.37/seed6_final.csv
LunarLander-v3@tunedbase,LunarLander-v3,rule_periodic_k1,1.37,7,규칙(지문없음),-665.0880133384228,-573.7912133384227,66.64,1.0,66.64,100,0.0,0,results/raw/LunarLander-v3@tunedbase/rule_periodic_k1/lam1.37/seed7_final.csv
LunarLander-v3@tunedbase,LunarLander-v3,rule_periodic_k1,1.37,8,규칙(지문없음),-675.3779977839476,-583.7249977839475,66.9,1.0,66.9,100,0.0,0,results/raw/LunarLander-v3@tunedbase/rule_periodic_k1/lam1.37/seed8_final.csv
LunarLander-v3@tunedbase,LunarLander-v3,rule_periodic_k1,1.37,9,규칙(지문없음),-675.2807100940277,-583.2030100940276,67.21,1.0,67.21,100,0.0,0,results/raw/LunarLander-v3@tunedbase/rule_periodic_k1/lam1.37/seed9_final.csv
LunarLander-v3@tunedbase,LunarLander-v3,rule_periodic_k1,1.6,0,규칙(지문없음),-708.44138014992,-599.4333801499201,68.13,1.0,68.13,100,0.0,0,results/raw/LunarLander-v3@tunedbase/rule_periodic_k1/lam1.6/seed0_final.csv
LunarLander-v3@tunedbase,LunarLander-v3,rule_periodic_k1,1.6,1,규칙(지문없음),-681.7711239908822,-575.739123990882,66.27,1.0,66.27,100,0.001,0,results/raw/LunarLander-v3@tunedbase/rule_periodic_k1/lam1.6/seed1_final.csv
LunarLander-v3@tunedbase,LunarLander-v3,rule_periodic_k1,1.6,2,규칙(지문없음),-696.3086309885133,-587.7806309885132,67.83,1.0,67.83,100,0.0,0,results/raw/LunarLander-v3@tunedbase/rule_periodic_k1/lam1.6/seed2_final.csv
LunarLander-v3@tunedbase,LunarLander-v3,rule_periodic_k1,1.6,3,규칙(지문없음),-668.4251569731221,-560.9211569731219,67.19,1.0,67.19,100,0.0,0,results/raw/LunarLander-v3@tunedbase/rule_periodic_k1/lam1.6/seed3_final.csv
LunarLander-v3@tunedbase,LunarLander-v3,rule_periodic_k1,1.6,4,규칙(지문없음),-685.3697277077189,-578.6657277077187,66.69,1.0,66.69,100,0.0,0,results/raw/LunarLander-v3@tunedbase/rule_periodic_k1/lam1.6/seed4_final.csv
LunarLander-v3@tunedbase,LunarLander-v3,rule_periodic_k1,1.6,5,규칙(지문없음),-692.6453839572215,-585.8453839572215,66.75,1.0,66.75,100,0.001,0,results/raw/LunarLander-v3@tunedbase/rule_periodic_k1/lam1.6/seed5_final.csv
LunarLander-v3@tunedbase,LunarLander-v3,rule_periodic_k1,1.6,6,규칙(지문없음),-691.5677055662541,-581.823705566254,68.59,1.0,68.59,100,0.0,0,results/raw/LunarLander-v3@tunedbase/rule_periodic_k1/lam1.6/seed6_final.csv
LunarLander-v3@tunedbase,LunarLander-v3,rule_periodic_k1,1.6,7,규칙(지문없음),-680.4152133384226,-573.7912133384227,66.64,1.0,66.64,100,0.0,0,results/raw/LunarLander-v3@tunedbase/rule_periodic_k1/lam1.6/seed7_final.csv
LunarLander-v3@tunedbase,LunarLander-v3,rule_periodic_k1,1.6,8,규칙(지문없음),-690.7649977839476,-583.7249977839475,66.9,1.0,66.9,100,0.0,0,results/raw/LunarLander-v3@tunedbase/rule_periodic_k1/lam1.6/seed8_final.csv
LunarLander-v3@tunedbase,LunarLander-v3,rule_periodic_k1,1.6,9,규칙(지문없음),-690.7390100940273,-583.2030100940276,67.21,1.0,67.21,100,0.0,0,results/raw/LunarLander-v3@tunedbase/rule_periodic_k1/lam1.6/seed9_final.csv
LunarLander-v3@tunedbase,LunarLander-v3,rule_periodic_k1,1.8,0,규칙(지문없음),-722.06738014992,-599.4333801499201,68.13,1.0,68.13,100,0.001,0,results/raw/LunarLander-v3@tunedbase/rule_periodic_k1/lam1.8/seed0_final.csv
LunarLander-v3@tunedbase,LunarLander-v3,rule_periodic_k1,1.8,1,규칙(지문없음),-695.0251239908821,-575.739123990882,66.27,1.0,66.27,100,0.0,0,results/raw/LunarLander-v3@tunedbase/rule_periodic_k1/lam1.8/seed1_final.csv
LunarLander-v3@tunedbase,LunarLander-v3,rule_periodic_k1,1.8,2,규칙(지문없음),-709.8746309885133,-587.7806309885132,67.83,1.0,67.83,100,0.0,0,results/raw/LunarLander-v3@tunedbase/rule_periodic_k1/lam1.8/seed2_final.csv
LunarLander-v3@tunedbase,LunarLander-v3,rule_periodic_k1,1.8,3,규칙(지문없음),-681.8631569731219,-560.9211569731219,67.19,1.0,67.19,100,0.002,0,results/raw/LunarLander-v3@tunedbase/rule_periodic_k1/lam1.8/seed3_final.csv
LunarLander-v3@tunedbase,LunarLander-v3,rule_periodic_k1,1.8,4,규칙(지문없음),-698.7077277077186,-578.6657277077187,66.69,1.0,66.69,100,0.0,0,results/raw/LunarLander-v3@tunedbase/rule_periodic_k1/lam1.8/seed4_final.csv
LunarLander-v3@tunedbase,LunarLander-v3,rule_periodic_k1,1.8,5,규칙(지문없음),-705.9953839572216,-585.8453839572215,66.75,1.0,66.75,100,0.0,0,results/raw/LunarLander-v3@tunedbase/rule_periodic_k1/lam1.8/seed5_final.csv
LunarLander-v3@tunedbase,LunarLander-v3,rule_periodic_k1,1.8,6,규칙(지문없음),-705.285705566254,-581.823705566254,68.59,1.0,68.59,100,0.0,0,results/raw/LunarLander-v3@tunedbase/rule_periodic_k1/lam1.8/seed6_final.csv
LunarLander-v3@tunedbase,LunarLander-v3,rule_periodic_k1,1.8,7,규칙(지문없음),-693.7432133384228,-573.7912133384227,66.64,1.0,66.64,100,0.0,0,results/raw/LunarLander-v3@tunedbase/rule_periodic_k1/lam1.8/seed7_final.csv
LunarLander-v3@tunedbase,LunarLander-v3,rule_periodic_k1,1.8,8,규칙(지문없음),-704.1449977839476,-583.7249977839475,66.9,1.0,66.9,100,0.0,0,results/raw/LunarLander-v3@tunedbase/rule_periodic_k1/lam1.8/seed8_final.csv
LunarLander-v3@tunedbase,LunarLander-v3,rule_periodic_k1,1.8,9,규칙(지문없음),-704.1810100940276,-583.2030100940276,67.21,1.0,67.21,100,0.0,0,results/raw/LunarLander-v3@tunedbase/rule_periodic_k1/lam1.8/seed9_final.csv
LunarLander-v3@tunedbase,LunarLander-v3,rule_periodic_k1,2.0,0,규칙(지문없음),-735.6933801499202,-599.4333801499201,68.13,1.0,68.13,100,0.0,0,results/raw/LunarLander-v3@tunedbase/rule_periodic_k1/lam2.0/seed0_final.csv
LunarLander-v3@tunedbase,LunarLander-v3,rule_periodic_k1,2.0,1,규칙(지문없음),-708.2791239908821,-575.739123990882,66.27,1.0,66.27,100,0.0,0,results/raw/LunarLander-v3@tunedbase/rule_periodic_k1/lam2.0/seed1_final.csv
LunarLander-v3@tunedbase,LunarLander-v3,rule_periodic_k1,2.0,2,규칙(지문없음),-723.4406309885135,-587.7806309885132,67.83,1.0,67.83,100,0.0,0,results/raw/LunarLander-v3@tunedbase/rule_periodic_k1/lam2.0/seed2_final.csv
LunarLander-v3@tunedbase,LunarLander-v3,rule_periodic_k1,2.0,3,규칙(지문없음),-695.301156973122,-560.9211569731219,67.19,1.0,67.19,100,0.0,0,results/raw/LunarLander-v3@tunedbase/rule_periodic_k1/lam2.0/seed3_final.csv
LunarLander-v3@tunedbase,LunarLander-v3,rule_periodic_k1,2.0,4,규칙(지문없음),-712.0457277077186,-578.6657277077187,66.69,1.0,66.69,100,0.0,0,results/raw/LunarLander-v3@tunedbase/rule_periodic_k1/lam2.0/seed4_final.csv
LunarLander-v3@tunedbase,LunarLander-v3,rule_periodic_k1,2.0,5,규칙(지문없음),-719.3453839572215,-585.8453839572215,66.75,1.0,66.75,100,0.0,0,results/raw/LunarLander-v3@tunedbase/rule_periodic_k1/lam2.0/seed5_final.csv
LunarLander-v3@tunedbase,LunarLander-v3,rule_periodic_k1,2.0,6,규칙(지문없음),-719.0037055662539,-581.823705566254,68.59,1.0,68.59,100,0.0,0,results/raw/LunarLander-v3@tunedbase/rule_periodic_k1/lam2.0/seed6_final.csv
LunarLander-v3@tunedbase,LunarLander-v3,rule_periodic_k1,2.0,7,규칙(지문없음),-707.0712133384228,-573.7912133384227,66.64,1.0,66.64,100,0.0,0,results/raw/LunarLander-v3@tunedbase/rule_periodic_k1/lam2.0/seed7_final.csv
LunarLander-v3@tunedbase,LunarLander-v3,rule_periodic_k1,2.0,8,규칙(지문없음),-717.5249977839478,-583.7249977839475,66.9,1.0,66.9,100,0.0,0,results/raw/LunarLander-v3@tunedbase/rule_periodic_k1/lam2.0/seed8_final.csv
LunarLander-v3@tunedbase,LunarLander-v3,rule_periodic_k1,2.0,9,규칙(지문없음),-717.6230100940276,-583.2030100940276,67.21,1.0,67.21,100,0.0,0,results/raw/LunarLander-v3@tunedbase/rule_periodic_k1/lam2.0/seed9_final.csv
LunarLander-v3@tunedbase,LunarLander-v3,rule_periodic_k1,2.5,0,규칙(지문없음),-769.7583801499203,-599.4333801499201,68.13,1.0,68.13,100,0.0,0,results/raw/LunarLander-v3@tunedbase/rule_periodic_k1/lam2.5/seed0_final.csv
LunarLander-v3@tunedbase,LunarLander-v3,rule_periodic_k1,2.5,1,규칙(지문없음),-741.4141239908821,-575.739123990882,66.27,1.0,66.27,100,0.0,0,results/raw/LunarLander-v3@tunedbase/rule_periodic_k1/lam2.5/seed1_final.csv
LunarLander-v3@tunedbase,LunarLander-v3,rule_periodic_k1,2.5,2,규칙(지문없음),-757.3556309885134,-587.7806309885132,67.83,1.0,67.83,100,0.0,0,results/raw/LunarLander-v3@tunedbase/rule_periodic_k1/lam2.5/seed2_final.csv
LunarLander-v3@tunedbase,LunarLander-v3,rule_periodic_k1,2.5,3,규칙(지문없음),-728.896156973122,-560.9211569731219,67.19,1.0,67.19,100,0.0,0,results/raw/LunarLander-v3@tunedbase/rule_periodic_k1/lam2.5/seed3_final.csv
LunarLander-v3@tunedbase,LunarLander-v3,rule_periodic_k1,2.5,4,규칙(지문없음),-745.3907277077186,-578.6657277077187,66.69,1.0,66.69,100,0.001,0,results/raw/LunarLander-v3@tunedbase/rule_periodic_k1/lam2.5/seed4_final.csv
LunarLander-v3@tunedbase,LunarLander-v3,rule_periodic_k1,2.5,5,규칙(지문없음),-752.7203839572215,-585.8453839572215,66.75,1.0,66.75,100,0.0,0,results/raw/LunarLander-v3@tunedbase/rule_periodic_k1/lam2.5/seed5_final.csv
LunarLander-v3@tunedbase,LunarLander-v3,rule_periodic_k1,2.5,6,규칙(지문없음),-753.2987055662538,-581.823705566254,68.59,1.0,68.59,100,0.0,0,results/raw/LunarLander-v3@tunedbase/rule_periodic_k1/lam2.5/seed6_final.csv
LunarLander-v3@tunedbase,LunarLander-v3,rule_periodic_k1,2.5,7,규칙(지문없음),-740.3912133384229,-573.7912133384227,66.64,1.0,66.64,100,0.0,0,results/raw/LunarLander-v3@tunedbase/rule_periodic_k1/lam2.5/seed7_final.csv
LunarLander-v3@tunedbase,LunarLander-v3,rule_periodic_k1,2.5,8,규칙(지문없음),-750.9749977839477,-583.7249977839475,66.9,1.0,66.9,100,0.001,0,results/raw/LunarLander-v3@tunedbase/rule_periodic_k1/lam2.5/seed8_final.csv
LunarLander-v3@tunedbase,LunarLander-v3,rule_periodic_k1,2.5,9,규칙(지문없음),-751.2280100940276,-583.2030100940276,67.21,1.0,67.21,100,0.001,0,results/raw/LunarLander-v3@tunedbase/rule_periodic_k1/lam2.5/seed9_final.csv
LunarLander-v3@tunedbase,LunarLander-v3,rule_periodic_k1,3.0,0,규칙(지문없음),-803.8233801499201,-599.4333801499201,68.13,1.0,68.13,100,0.0,0,results/raw/LunarLander-v3@tunedbase/rule_periodic_k1/lam3.0/seed0_final.csv
LunarLander-v3@tunedbase,LunarLander-v3,rule_periodic_k1,3.0,1,규칙(지문없음),-774.5491239908821,-575.739123990882,66.27,1.0,66.27,100,0.0,0,results/raw/LunarLander-v3@tunedbase/rule_periodic_k1/lam3.0/seed1_final.csv
LunarLander-v3@tunedbase,LunarLander-v3,rule_periodic_k1,3.0,2,규칙(지문없음),-791.2706309885134,-587.7806309885132,67.83,1.0,67.83,100,0.0,0,results/raw/LunarLander-v3@tunedbase/rule_periodic_k1/lam3.0/seed2_final.csv
LunarLander-v3@tunedbase,LunarLander-v3,rule_periodic_k1,3.0,3,규칙(지문없음),-762.491156973122,-560.9211569731219,67.19,1.0,67.19,100,0.0,0,results/raw/LunarLander-v3@tunedbase/rule_periodic_k1/lam3.0/seed3_final.csv
LunarLander-v3@tunedbase,LunarLander-v3,rule_periodic_k1,3.0,4,규칙(지문없음),-778.7357277077186,-578.6657277077187,66.69,1.0,66.69,100,0.0,0,results/raw/LunarLander-v3@tunedbase/rule_periodic_k1/lam3.0/seed4_final.csv
LunarLander-v3@tunedbase,LunarLander-v3,rule_periodic_k1,3.0,5,규칙(지문없음),-786.0953839572215,-585.8453839572215,66.75,1.0,66.75,100,0.0,0,results/raw/LunarLander-v3@tunedbase/rule_periodic_k1/lam3.0/seed5_final.csv
LunarLander-v3@tunedbase,LunarLander-v3,rule_periodic_k1,3.0,6,규칙(지문없음),-787.5937055662538,-581.823705566254,68.59,1.0,68.59,100,0.0,0,results/raw/LunarLander-v3@tunedbase/rule_periodic_k1/lam3.0/seed6_final.csv
LunarLander-v3@tunedbase,LunarLander-v3,rule_periodic_k1,3.0,7,규칙(지문없음),-773.7112133384228,-573.7912133384227,66.64,1.0,66.64,100,0.0,0,results/raw/LunarLander-v3@tunedbase/rule_periodic_k1/lam3.0/seed7_final.csv
LunarLander-v3@tunedbase,LunarLander-v3,rule_periodic_k1,3.0,8,규칙(지문없음),-784.4249977839478,-583.7249977839475,66.9,1.0,66.9,100,0.0,0,results/raw/LunarLander-v3@tunedbase/rule_periodic_k1/lam3.0/seed8_final.csv
LunarLander-v3@tunedbase,LunarLander-v3,rule_periodic_k1,3.0,9,규칙(지문없음),-784.8330100940276,-583.2030100940276,67.21,1.0,67.21,100,0.001,0,results/raw/LunarLander-v3@tunedbase/rule_periodic_k1/lam3.0/seed9_final.csv
LunarLander-v3@tunedbase,LunarLander-v3,rule_periodic_k2,0.0,0,규칙(지문없음),-371.9482314456307,-371.9482314456307,35.04,1.0,69.59,100,0.0,0,results/raw/LunarLander-v3@tunedbase/rule_periodic_k2/lam0.0/seed0_final.csv
LunarLander-v3@tunedbase,LunarLander-v3,rule_periodic_k2,0.0,1,규칙(지문없음),-365.55677190832284,-365.55677190832284,34.08,1.0,67.6,100,0.0,0,results/raw/LunarLander-v3@tunedbase/rule_periodic_k2/lam0.0/seed1_final.csv
LunarLander-v3@tunedbase,LunarLander-v3,rule_periodic_k2,0.0,2,규칙(지문없음),-372.7575933913291,-372.7575933913291,34.72,1.0,68.85,100,0.0,0,results/raw/LunarLander-v3@tunedbase/rule_periodic_k2/lam0.0/seed2_final.csv
LunarLander-v3@tunedbase,LunarLander-v3,rule_periodic_k2,0.0,3,규칙(지문없음),-356.24223716007396,-356.24223716007396,34.04,1.0,67.59,100,0.0,0,results/raw/LunarLander-v3@tunedbase/rule_periodic_k2/lam0.0/seed3_final.csv
LunarLander-v3@tunedbase,LunarLander-v3,rule_periodic_k2,0.0,4,규칙(지문없음),-372.3606786518589,-372.3606786518589,34.46,1.0,68.46,100,0.0,0,results/raw/LunarLander-v3@tunedbase/rule_periodic_k2/lam0.0/seed4_final.csv
LunarLander-v3@tunedbase,LunarLander-v3,rule_periodic_k2,0.0,5,규칙(지문없음),-368.1900324860584,-368.1900324860584,33.97,1.0,67.48,100,0.0,0,results/raw/LunarLander-v3@tunedbase/rule_periodic_k2/lam0.0/seed5_final.csv
LunarLander-v3@tunedbase,LunarLander-v3,rule_periodic_k2,0.0,6,규칙(지문없음),-372.08382706626026,-372.08382706626026,34.72,1.0,68.85,100,0.001,0,results/raw/LunarLander-v3@tunedbase/rule_periodic_k2/lam0.0/seed6_final.csv
LunarLander-v3@tunedbase,LunarLander-v3,rule_periodic_k2,0.0,7,규칙(지문없음),-364.2135406425598,-364.2135406425598,33.83,1.0,67.22,100,0.001,0,results/raw/LunarLander-v3@tunedbase/rule_periodic_k2/lam0.0/seed7_final.csv
LunarLander-v3@tunedbase,LunarLander-v3,rule_periodic_k2,0.0,8,규칙(지문없음),-373.038045956867,-373.038045956867,34.31,1.0,68.17,100,0.0,0,results/raw/LunarLander-v3@tunedbase/rule_periodic_k2/lam0.0/seed8_final.csv
LunarLander-v3@tunedbase,LunarLander-v3,rule_periodic_k2,0.0,9,규칙(지문없음),-360.61294697999415,-360.61294697999415,34.26,1.0,68.05,100,0.0,0,results/raw/LunarLander-v3@tunedbase/rule_periodic_k2/lam0.0/seed9_final.csv
LunarLander-v3@tunedbase,LunarLander-v3,rule_periodic_k2,0.1,0,규칙(지문없음),-375.45223144563073,-371.9482314456307,35.04,1.0,69.59,100,0.0,0,results/raw/LunarLander-v3@tunedbase/rule_periodic_k2/lam0.1/seed0_final.csv
LunarLander-v3@tunedbase,LunarLander-v3,rule_periodic_k2,0.1,1,규칙(지문없음),-368.96477190832286,-365.55677190832284,34.08,1.0,67.6,100,0.001,0,results/raw/LunarLander-v3@tunedbase/rule_periodic_k2/lam0.1/seed1_final.csv
LunarLander-v3@tunedbase,LunarLander-v3,rule_periodic_k2,0.1,2,규칙(지문없음),-376.22959339132905,-372.7575933913291,34.72,1.0,68.85,100,0.0,0,results/raw/LunarLander-v3@tunedbase/rule_periodic_k2/lam0.1/seed2_final.csv
LunarLander-v3@tunedbase,LunarLander-v3,rule_periodic_k2,0.1,3,규칙(지문없음),-359.646237160074,-356.24223716007396,34.04,1.0,67.59,100,0.0,0,results/raw/LunarLander-v3@tunedbase/rule_periodic_k2/lam0.1/seed3_final.csv
LunarLander-v3@tunedbase,LunarLander-v3,rule_periodic_k2,0.1,4,규칙(지문없음),-375.806678651859,-372.3606786518589,34.46,1.0,68.46,100,0.0,0,results/raw/LunarLander-v3@tunedbase/rule_periodic_k2/lam0.1/seed4_final.csv
LunarLander-v3@tunedbase,LunarLander-v3,rule_periodic_k2,0.1,5,규칙(지문없음),-371.5870324860584,-368.1900324860584,33.97,1.0,67.48,100,0.0,0,results/raw/LunarLander-v3@tunedbase/rule_periodic_k2/lam0.1/seed5_final.csv
LunarLander-v3@tunedbase,LunarLander-v3,rule_periodic_k2,0.1,6,규칙(지문없음),-375.5558270662603,-372.08382706626026,34.72,1.0,68.85,100,0.0,0,results/raw/LunarLander-v3@tunedbase/rule_periodic_k2/lam0.1/seed6_final.csv
LunarLander-v3@tunedbase,LunarLander-v3,rule_periodic_k2,0.1,7,규칙(지문없음),-367.59654064255983,-364.2135406425598,33.83,1.0,67.22,100,0.0,0,results/raw/LunarLander-v3@tunedbase/rule_periodic_k2/lam0.1/seed7_final.csv
LunarLander-v3@tunedbase,LunarLander-v3,rule_periodic_k2,0.1,8,규칙(지문없음),-376.46904595686703,-373.038045956867,34.31,1.0,68.17,100,0.0,0,results/raw/LunarLander-v3@tunedbase/rule_periodic_k2/lam0.1/seed8_final.csv
LunarLander-v3@tunedbase,LunarLander-v3,rule_periodic_k2,0.1,9,규칙(지문없음),-364.03894697999414,-360.61294697999415,34.26,1.0,68.05,100,0.0,0,results/raw/LunarLander-v3@tunedbase/rule_periodic_k2/lam0.1/seed9_final.csv
LunarLander-v3@tunedbase,LunarLander-v3,rule_periodic_k2,0.3,0,규칙(지문없음),-382.46023144563065,-371.9482314456307,35.04,1.0,69.59,100,0.0,0,results/raw/LunarLander-v3@tunedbase/rule_periodic_k2/lam0.3/seed0_final.csv
LunarLander-v3@tunedbase,LunarLander-v3,rule_periodic_k2,0.3,1,규칙(지문없음),-375.78077190832283,-365.55677190832284,34.08,1.0,67.6,100,0.0,0,results/raw/LunarLander-v3@tunedbase/rule_periodic_k2/lam0.3/seed1_final.csv
LunarLander-v3@tunedbase,LunarLander-v3,rule_periodic_k2,0.3,2,규칙(지문없음),-383.1735933913291,-372.7575933913291,34.72,1.0,68.85,100,0.0,0,results/raw/LunarLander-v3@tunedbase/rule_periodic_k2/lam0.3/seed2_final.csv
LunarLander-v3@tunedbase,LunarLander-v3,rule_periodic_k2,0.3,3,규칙(지문없음),-366.4542371600741,-356.24223716007396,34.04,1.0,67.59,100,0.0,0,results/raw/LunarLander-v3@tunedbase/rule_periodic_k2/lam0.3/seed3_final.csv
LunarLander-v3@tunedbase,LunarLander-v3,rule_periodic_k2,0.3,4,규칙(지문없음),-382.6986786518589,-372.3606786518589,34.46,1.0,68.46,100,0.0,0,results/raw/LunarLander-v3@tunedbase/rule_periodic_k2/lam0.3/seed4_final.csv
LunarLander-v3@tunedbase,LunarLander-v3,rule_periodic_k2,0.3,5,규칙(지문없음),-378.3810324860585,-368.1900324860584,33.97,1.0,67.48,100,0.0,0,results/raw/LunarLander-v3@tunedbase/rule_periodic_k2/lam0.3/seed5_final.csv
LunarLander-v3@tunedbase,LunarLander-v3,rule_periodic_k2,0.3,6,규칙(지문없음),-382.49982706626025,-372.08382706626026,34.72,1.0,68.85,100,0.0,0,results/raw/LunarLander-v3@tunedbase/rule_periodic_k2/lam0.3/seed6_final.csv
LunarLander-v3@tunedbase,LunarLander-v3,rule_periodic_k2,0.3,7,규칙(지문없음),-374.36254064255974,-364.2135406425598,33.83,1.0,67.22,100,0.0,0,results/raw/LunarLander-v3@tunedbase/rule_periodic_k2/lam0.3/seed7_final.csv
LunarLander-v3@tunedbase,LunarLander-v3,rule_periodic_k2,0.3,8,규칙(지문없음),-383.3310459568671,-373.038045956867,34.31,1.0,68.17,100,0.0,0,results/raw/LunarLander-v3@tunedbase/rule_periodic_k2/lam0.3/seed8_final.csv
LunarLander-v3@tunedbase,LunarLander-v3,rule_periodic_k2,0.3,9,규칙(지문없음),-370.8909469799941,-360.61294697999415,34.26,1.0,68.05,100,0.0,0,results/raw/LunarLander-v3@tunedbase/rule_periodic_k2/lam0.3/seed9_final.csv
LunarLander-v3@tunedbase,LunarLander-v3,rule_periodic_k2,0.6,0,규칙(지문없음),-392.97223144563077,-371.9482314456307,35.04,1.0,69.59,100,0.001,0,results/raw/LunarLander-v3@tunedbase/rule_periodic_k2/lam0.6/seed0_final.csv
LunarLander-v3@tunedbase,LunarLander-v3,rule_periodic_k2,0.6,1,규칙(지문없음),-386.0047719083229,-365.55677190832284,34.08,1.0,67.6,100,0.002,0,results/raw/LunarLander-v3@tunedbase/rule_periodic_k2/lam0.6/seed1_final.csv
LunarLander-v3@tunedbase,LunarLander-v3,rule_periodic_k2,0.6,2,규칙(지문없음),-393.58959339132906,-372.7575933913291,34.72,1.0,68.85,100,0.0,0,results/raw/LunarLander-v3@tunedbase/rule_periodic_k2/lam0.6/seed2_final.csv
LunarLander-v3@tunedbase,LunarLander-v3,rule_periodic_k2,0.6,3,규칙(지문없음),-376.666237160074,-356.24223716007396,34.04,1.0,67.59,100,0.0,0,results/raw/LunarLander-v3@tunedbase/rule_periodic_k2/lam0.6/seed3_final.csv
LunarLander-v3@tunedbase,LunarLander-v3,rule_periodic_k2,0.6,4,규칙(지문없음),-393.03667865185895,-372.3606786518589,34.46,1.0,68.46,100,0.0,0,results/raw/LunarLander-v3@tunedbase/rule_periodic_k2/lam0.6/seed4_final.csv
LunarLander-v3@tunedbase,LunarLander-v3,rule_periodic_k2,0.6,5,규칙(지문없음),-388.5720324860584,-368.1900324860584,33.97,1.0,67.48,100,0.002,0,results/raw/LunarLander-v3@tunedbase/rule_periodic_k2/lam0.6/seed5_final.csv
LunarLander-v3@tunedbase,LunarLander-v3,rule_periodic_k2,0.6,6,규칙(지문없음),-392.91582706626025,-372.08382706626026,34.72,1.0,68.85,100,0.0,0,results/raw/LunarLander-v3@tunedbase/rule_periodic_k2/lam0.6/seed6_final.csv
LunarLander-v3@tunedbase,LunarLander-v3,rule_periodic_k2,0.6,7,규칙(지문없음),-384.51154064255985,-364.2135406425598,33.83,1.0,67.22,100,0.0,0,results/raw/LunarLander-v3@tunedbase/rule_periodic_k2/lam0.6/seed7_final.csv
LunarLander-v3@tunedbase,LunarLander-v3,rule_periodic_k2,0.6,8,규칙(지문없음),-393.62404595686695,-373.038045956867,34.31,1.0,68.17,100,0.002,0,results/raw/LunarLander-v3@tunedbase/rule_periodic_k2/lam0.6/seed8_final.csv
LunarLander-v3@tunedbase,LunarLander-v3,rule_periodic_k2,0.6,9,규칙(지문없음),-381.16894697999413,-360.61294697999415,34.26,1.0,68.05,100,0.0,0,results/raw/LunarLander-v3@tunedbase/rule_periodic_k2/lam0.6/seed9_final.csv
LunarLander-v3@tunedbase,LunarLander-v3,rule_periodic_k2,1.0,0,규칙(지문없음),-406.98823144563073,-371.9482314456307,35.04,1.0,69.59,100,0.001,0,results/raw/LunarLander-v3@tunedbase/rule_periodic_k2/lam1.0/seed0_final.csv
LunarLander-v3@tunedbase,LunarLander-v3,rule_periodic_k2,1.0,1,규칙(지문없음),-399.6367719083228,-365.55677190832284,34.08,1.0,67.6,100,0.0,0,results/raw/LunarLander-v3@tunedbase/rule_periodic_k2/lam1.0/seed1_final.csv
LunarLander-v3@tunedbase,LunarLander-v3,rule_periodic_k2,1.0,2,규칙(지문없음),-407.47759339132915,-372.7575933913291,34.72,1.0,68.85,100,0.0,0,results/raw/LunarLander-v3@tunedbase/rule_periodic_k2/lam1.0/seed2_final.csv
LunarLander-v3@tunedbase,LunarLander-v3,rule_periodic_k2,1.0,3,규칙(지문없음),-390.2822371600741,-356.24223716007396,34.04,1.0,67.59,100,0.0,0,results/raw/LunarLander-v3@tunedbase/rule_periodic_k2/lam1.0/seed3_final.csv
LunarLander-v3@tunedbase,LunarLander-v3,rule_periodic_k2,1.0,4,규칙(지문없음),-406.8206786518589,-372.3606786518589,34.46,1.0,68.46,100,0.0,0,results/raw/LunarLander-v3@tunedbase/rule_periodic_k2/lam1.0/seed4_final.csv
LunarLander-v3@tunedbase,LunarLander-v3,rule_periodic_k2,1.0,5,규칙(지문없음),-402.1600324860584,-368.1900324860584,33.97,1.0,67.48,100,0.002,0,results/raw/LunarLander-v3@tunedbase/rule_periodic_k2/lam1.0/seed5_final.csv
LunarLander-v3@tunedbase,LunarLander-v3,rule_periodic_k2,1.0,6,규칙(지문없음),-406.8038270662603,-372.08382706626026,34.72,1.0,68.85,100,0.0,0,results/raw/LunarLander-v3@tunedbase/rule_periodic_k2/lam1.0/seed6_final.csv
LunarLander-v3@tunedbase,LunarLander-v3,rule_periodic_k2,1.0,7,규칙(지문없음),-398.04354064255983,-364.2135406425598,33.83,1.0,67.22,100,0.0,0,results/raw/LunarLander-v3@tunedbase/rule_periodic_k2/lam1.0/seed7_final.csv
LunarLander-v3@tunedbase,LunarLander-v3,rule_periodic_k2,1.0,8,규칙(지문없음),-407.348045956867,-373.038045956867,34.31,1.0,68.17,100,0.0,0,results/raw/LunarLander-v3@tunedbase/rule_periodic_k2/lam1.0/seed8_final.csv
LunarLander-v3@tunedbase,LunarLander-v3,rule_periodic_k2,1.0,9,규칙(지문없음),-394.87294697999414,-360.61294697999415,34.26,1.0,68.05,100,0.001,0,results/raw/LunarLander-v3@tunedbase/rule_periodic_k2/lam1.0/seed9_final.csv
LunarLander-v3@tunedbase,LunarLander-v3,rule_periodic_k2,1.2,0,규칙(지문없음),-413.9962314456307,-371.9482314456307,35.04,1.0,69.59,100,0.0,0,results/raw/LunarLander-v3@tunedbase/rule_periodic_k2/lam1.2/seed0_final.csv
LunarLander-v3@tunedbase,LunarLander-v3,rule_periodic_k2,1.2,1,규칙(지문없음),-406.4527719083229,-365.55677190832284,34.08,1.0,67.6,100,0.007,0,results/raw/LunarLander-v3@tunedbase/rule_periodic_k2/lam1.2/seed1_final.csv
LunarLander-v3@tunedbase,LunarLander-v3,rule_periodic_k2,1.2,2,규칙(지문없음),-414.42159339132917,-372.7575933913291,34.72,1.0,68.85,100,0.0,0,results/raw/LunarLander-v3@tunedbase/rule_periodic_k2/lam1.2/seed2_final.csv
LunarLander-v3@tunedbase,LunarLander-v3,rule_periodic_k2,1.2,3,규칙(지문없음),-397.090237160074,-356.24223716007396,34.04,1.0,67.59,100,0.0,0,results/raw/LunarLander-v3@tunedbase/rule_periodic_k2/lam1.2/seed3_final.csv
LunarLander-v3@tunedbase,LunarLander-v3,rule_periodic_k2,1.2,4,규칙(지문없음),-413.71267865185894,-372.3606786518589,34.46,1.0,68.46,100,0.0,0,results/raw/LunarLander-v3@tunedbase/rule_periodic_k2/lam1.2/seed4_final.csv
LunarLander-v3@tunedbase,LunarLander-v3,rule_periodic_k2,1.2,5,규칙(지문없음),-408.9540324860584,-368.1900324860584,33.97,1.0,67.48,100,0.0,0,results/raw/LunarLander-v3@tunedbase/rule_periodic_k2/lam1.2/seed5_final.csv
LunarLander-v3@tunedbase,LunarLander-v3,rule_periodic_k2,1.2,6,규칙(지문없음),-413.7478270662603,-372.08382706626026,34.72,1.0,68.85,100,0.0,0,results/raw/LunarLander-v3@tunedbase/rule_periodic_k2/lam1.2/seed6_final.csv
LunarLander-v3@tunedbase,LunarLander-v3,rule_periodic_k2,1.2,7,규칙(지문없음),-404.8095406425598,-364.2135406425598,33.83,1.0,67.22,100,0.0,0,results/raw/LunarLander-v3@tunedbase/rule_periodic_k2/lam1.2/seed7_final.csv
LunarLander-v3@tunedbase,LunarLander-v3,rule_periodic_k2,1.2,8,규칙(지문없음),-414.21004595686713,-373.038045956867,34.31,1.0,68.17,100,0.0,0,results/raw/LunarLander-v3@tunedbase/rule_periodic_k2/lam1.2/seed8_final.csv
LunarLander-v3@tunedbase,LunarLander-v3,rule_periodic_k2,1.2,9,규칙(지문없음),-401.72494697999423,-360.61294697999415,34.26,1.0,68.05,100,0.0,0,results/raw/LunarLander-v3@tunedbase/rule_periodic_k2/lam1.2/seed9_final.csv
LunarLander-v3@tunedbase,LunarLander-v3,rule_periodic_k2,1.37,0,규칙(지문없음),-419.95303144563064,-371.9482314456307,35.04,1.0,69.59,100,0.004,0,results/raw/LunarLander-v3@tunedbase/rule_periodic_k2/lam1.37/seed0_final.csv
LunarLander-v3@tunedbase,LunarLander-v3,rule_periodic_k2,1.37,1,규칙(지문없음),-412.2463719083229,-365.55677190832284,34.08,1.0,67.6,100,0.0,0,results/raw/LunarLander-v3@tunedbase/rule_periodic_k2/lam1.37/seed1_final.csv
LunarLander-v3@tunedbase,LunarLander-v3,rule_periodic_k2,1.37,2,규칙(지문없음),-420.3239933913293,-372.7575933913291,34.72,1.0,68.85,100,0.0,0,results/raw/LunarLander-v3@tunedbase/rule_periodic_k2/lam1.37/seed2_final.csv
LunarLander-v3@tunedbase,LunarLander-v3,rule_periodic_k2,1.37,3,규칙(지문없음),-402.87703716007405,-356.24223716007396,34.04,1.0,67.59,100,0.0,0,results/raw/LunarLander-v3@tunedbase/rule_periodic_k2/lam1.37/seed3_final.csv
LunarLander-v3@tunedbase,LunarLander-v3,rule_periodic_k2,1.37,4,규칙(지문없음),-419.570878651859,-372.3606786518589,34.46,1.0,68.46,100,0.0,0,results/raw/LunarLander-v3@tunedbase/rule_periodic_k2/lam1.37/seed4_final.csv
LunarLander-v3@tunedbase,LunarLander-v3,rule_periodic_k2,1.37,5,규칙(지문없음),-414.7289324860584,-368.1900324860584,33.97,1.0,67.48,100,0.0,0,results/raw/LunarLander-v3@tunedbase/rule_periodic_k2/lam1.37/seed5_final.csv
LunarLander-v3@tunedbase,LunarLander-v3,rule_periodic_k2,1.37,6,규칙(지문없음),-419.65022706626036,-372.08382706626026,34.72,1.0,68.85,100,0.0,0,results/raw/LunarLander-v3@tunedbase/rule_periodic_k2/lam1.37/seed6_final.csv
LunarLander-v3@tunedbase,LunarLander-v3,rule_periodic_k2,1.37,7,규칙(지문없음),-410.5606406425598,-364.2135406425598,33.83,1.0,67.22,100,0.0,0,results/raw/LunarLander-v3@tunedbase/rule_periodic_k2/lam1.37/seed7_final.csv
LunarLander-v3@tunedbase,LunarLander-v3,rule_periodic_k2,1.37,8,규칙(지문없음),-420.042745956867,-373.038045956867,34.31,1.0,68.17,100,0.0,0,results/raw/LunarLander-v3@tunedbase/rule_periodic_k2/lam1.37/seed8_final.csv
LunarLander-v3@tunedbase,LunarLander-v3,rule_periodic_k2,1.37,9,규칙(지문없음),-407.5491469799942,-360.61294697999415,34.26,1.0,68.05,100,0.0,0,results/raw/LunarLander-v3@tunedbase/rule_periodic_k2/lam1.37/seed9_final.csv
LunarLander-v3@tunedbase,LunarLander-v3,rule_periodic_k2,1.6,0,규칙(지문없음),-428.01223144563073,-371.9482314456307,35.04,1.0,69.59,100,0.0,0,results/raw/LunarLander-v3@tunedbase/rule_periodic_k2/lam1.6/seed0_final.csv
LunarLander-v3@tunedbase,LunarLander-v3,rule_periodic_k2,1.6,1,규칙(지문없음),-420.08477190832286,-365.55677190832284,34.08,1.0,67.6,100,0.0,0,results/raw/LunarLander-v3@tunedbase/rule_periodic_k2/lam1.6/seed1_final.csv
LunarLander-v3@tunedbase,LunarLander-v3,rule_periodic_k2,1.6,2,규칙(지문없음),-428.30959339132903,-372.7575933913291,34.72,1.0,68.85,100,0.0,0,results/raw/LunarLander-v3@tunedbase/rule_periodic_k2/lam1.6/seed2_final.csv
LunarLander-v3@tunedbase,LunarLander-v3,rule_periodic_k2,1.6,3,규칙(지문없음),-410.706237160074,-356.24223716007396,34.04,1.0,67.59,100,0.0,0,results/raw/LunarLander-v3@tunedbase/rule_periodic_k2/lam1.6/seed3_final.csv
LunarLander-v3@tunedbase,LunarLander-v3,rule_periodic_k2,1.6,4,규칙(지문없음),-427.496678651859,-372.3606786518589,34.46,1.0,68.46,100,0.0,0,results/raw/LunarLander-v3@tunedbase/rule_periodic_k2/lam1.6/seed4_final.csv
LunarLander-v3@tunedbase,LunarLander-v3,rule_periodic_k2,1.6,5,규칙(지문없음),-422.5420324860585,-368.1900324860584,33.97,1.0,67.48,100,0.004,0,results/raw/LunarLander-v3@tunedbase/rule_periodic_k2/lam1.6/seed5_final.csv
LunarLander-v3@tunedbase,LunarLander-v3,rule_periodic_k2,1.6,6,규칙(지문없음),-427.63582706626033,-372.08382706626026,34.72,1.0,68.85,100,0.0,0,results/raw/LunarLander-v3@tunedbase/rule_periodic_k2/lam1.6/seed6_final.csv
LunarLander-v3@tunedbase,LunarLander-v3,rule_periodic_k2,1.6,7,규칙(지문없음),-418.34154064255983,-364.2135406425598,33.83,1.0,67.22,100,0.0,0,results/raw/LunarLander-v3@tunedbase/rule_periodic_k2/lam1.6/seed7_final.csv
LunarLander-v3@tunedbase,LunarLander-v3,rule_periodic_k2,1.6,8,규칙(지문없음),-427.93404595686707,-373.038045956867,34.31,1.0,68.17,100,0.0,0,results/raw/LunarLander-v3@tunedbase/rule_periodic_k2/lam1.6/seed8_final.csv
LunarLander-v3@tunedbase,LunarLander-v3,rule_periodic_k2,1.6,9,규칙(지문없음),-415.4289469799941,-360.61294697999415,34.26,1.0,68.05,100,0.0,0,results/raw/LunarLander-v3@tunedbase/rule_periodic_k2/lam1.6/seed9_final.csv
LunarLander-v3@tunedbase,LunarLander-v3,rule_periodic_k2,1.8,0,규칙(지문없음),-435.02023144563066,-371.9482314456307,35.04,1.0,69.59,100,0.001,0,results/raw/LunarLander-v3@tunedbase/rule_periodic_k2/lam1.8/seed0_final.csv
LunarLander-v3@tunedbase,LunarLander-v3,rule_periodic_k2,1.8,1,규칙(지문없음),-426.90077190832284,-365.55677190832284,34.08,1.0,67.6,100,0.0,0,results/raw/LunarLander-v3@tunedbase/rule_periodic_k2/lam1.8/seed1_final.csv
LunarLander-v3@tunedbase,LunarLander-v3,rule_periodic_k2,1.8,2,규칙(지문없음),-435.25359339132905,-372.7575933913291,34.72,1.0,68.85,100,0.0,0,results/raw/LunarLander-v3@tunedbase/rule_periodic_k2/lam1.8/seed2_final.csv
LunarLander-v3@tunedbase,LunarLander-v3,rule_periodic_k2,1.8,3,규칙(지문없음),-417.5142371600741,-356.24223716007396,34.04,1.0,67.59,100,0.0,0,results/raw/LunarLander-v3@tunedbase/rule_periodic_k2/lam1.8/seed3_final.csv
LunarLander-v3@tunedbase,LunarLander-v3,rule_periodic_k2,1.8,4,규칙(지문없음),-434.3886786518589,-372.3606786518589,34.46,1.0,68.46,100,0.0,0,results/raw/LunarLander-v3@tunedbase/rule_periodic_k2/lam1.8/seed4_final.csv
LunarLander-v3@tunedbase,LunarLander-v3,rule_periodic_k2,1.8,5,규칙(지문없음),-429.3360324860585,-368.1900324860584,33.97,1.0,67.48,100,0.0,0,results/raw/LunarLander-v3@tunedbase/rule_periodic_k2/lam1.8/seed5_final.csv
LunarLander-v3@tunedbase,LunarLander-v3,rule_periodic_k2,1.8,6,규칙(지문없음),-434.57982706626024,-372.08382706626026,34.72,1.0,68.85,100,0.0,0,results/raw/LunarLander-v3@tunedbase/rule_periodic_k2/lam1.8/seed6_final.csv
LunarLander-v3@tunedbase,LunarLander-v3,rule_periodic_k2,1.8,7,규칙(지문없음),-425.10754064255974,-364.2135406425598,33.83,1.0,67.22,100,0.001,0,results/raw/LunarLander-v3@tunedbase/rule_periodic_k2/lam1.8/seed7_final.csv
LunarLander-v3@tunedbase,LunarLander-v3,rule_periodic_k2,1.8,8,규칙(지문없음),-434.7960459568671,-373.038045956867,34.31,1.0,68.17,100,0.0,0,results/raw/LunarLander-v3@tunedbase/rule_periodic_k2/lam1.8/seed8_final.csv
LunarLander-v3@tunedbase,LunarLander-v3,rule_periodic_k2,1.8,9,규칙(지문없음),-422.2809469799941,-360.61294697999415,34.26,1.0,68.05,100,0.0,0,results/raw/LunarLander-v3@tunedbase/rule_periodic_k2/lam1.8/seed9_final.csv
LunarLander-v3@tunedbase,LunarLander-v3,rule_periodic_k2,2.0,0,규칙(지문없음),-442.02823144563075,-371.9482314456307,35.04,1.0,69.59,100,0.001,0,results/raw/LunarLander-v3@tunedbase/rule_periodic_k2/lam2.0/seed0_final.csv
LunarLander-v3@tunedbase,LunarLander-v3,rule_periodic_k2,2.0,1,규칙(지문없음),-433.71677190832287,-365.55677190832284,34.08,1.0,67.6,100,0.0,0,results/raw/LunarLander-v3@tunedbase/rule_periodic_k2/lam2.0/seed1_final.csv
LunarLander-v3@tunedbase,LunarLander-v3,rule_periodic_k2,2.0,2,규칙(지문없음),-442.1975933913291,-372.7575933913291,34.72,1.0,68.85,100,0.0,0,results/raw/LunarLander-v3@tunedbase/rule_periodic_k2/lam2.0/seed2_final.csv
LunarLander-v3@tunedbase,LunarLander-v3,rule_periodic_k2,2.0,3,규칙(지문없음),-424.322237160074,-356.24223716007396,34.04,1.0,67.59,100,0.0,0,results/raw/LunarLander-v3@tunedbase/rule_periodic_k2/lam2.0/seed3_final.csv
LunarLander-v3@tunedbase,LunarLander-v3,rule_periodic_k2,2.0,4,규칙(지문없음),-441.2806786518589,-372.3606786518589,34.46,1.0,68.46,100,0.0,0,results/raw/LunarLander-v3@tunedbase/rule_periodic_k2/lam2.0/seed4_final.csv
LunarLander-v3@tunedbase,LunarLander-v3,rule_periodic_k2,2.0,5,규칙(지문없음),-436.1300324860584,-368.1900324860584,33.97,1.0,67.48,100,0.0,0,results/raw/LunarLander-v3@tunedbase/rule_periodic_k2/lam2.0/seed5_final.csv
LunarLander-v3@tunedbase,LunarLander-v3,rule_periodic_k2,2.0,6,규칙(지문없음),-441.5238270662602,-372.08382706626026,34.72,1.0,68.85,100,0.0,0,results/raw/LunarLander-v3@tunedbase/rule_periodic_k2/lam2.0/seed6_final.csv
LunarLander-v3@tunedbase,LunarLander-v3,rule_periodic_k2,2.0,7,규칙(지문없음),-431.8735406425598,-364.2135406425598,33.83,1.0,67.22,100,0.0,0,results/raw/LunarLander-v3@tunedbase/rule_periodic_k2/lam2.0/seed7_final.csv
LunarLander-v3@tunedbase,LunarLander-v3,rule_periodic_k2,2.0,8,규칙(지문없음),-441.658045956867,-373.038045956867,34.31,1.0,68.17,100,0.0,0,results/raw/LunarLander-v3@tunedbase/rule_periodic_k2/lam2.0/seed8_final.csv
LunarLander-v3@tunedbase,LunarLander-v3,rule_periodic_k2,2.0,9,규칙(지문없음),-429.13294697999413,-360.61294697999415,34.26,1.0,68.05,100,0.0,0,results/raw/LunarLander-v3@tunedbase/rule_periodic_k2/lam2.0/seed9_final.csv
LunarLander-v3@tunedbase,LunarLander-v3,rule_periodic_k2,2.5,0,규칙(지문없음),-459.5482314456307,-371.9482314456307,35.04,1.0,69.59,100,0.001,0,results/raw/LunarLander-v3@tunedbase/rule_periodic_k2/lam2.5/seed0_final.csv
LunarLander-v3@tunedbase,LunarLander-v3,rule_periodic_k2,2.5,1,규칙(지문없음),-450.75677190832283,-365.55677190832284,34.08,1.0,67.6,100,0.0,0,results/raw/LunarLander-v3@tunedbase/rule_periodic_k2/lam2.5/seed1_final.csv
LunarLander-v3@tunedbase,LunarLander-v3,rule_periodic_k2,2.5,2,규칙(지문없음),-459.55759339132914,-372.7575933913291,34.72,1.0,68.85,100,0.001,0,results/raw/LunarLander-v3@tunedbase/rule_periodic_k2/lam2.5/seed2_final.csv
LunarLander-v3@tunedbase,LunarLander-v3,rule_periodic_k2,2.5,3,규칙(지문없음),-441.3422371600739,-356.24223716007396,34.04,1.0,67.59,100,0.0,0,results/raw/LunarLander-v3@tunedbase/rule_periodic_k2/lam2.5/seed3_final.csv
LunarLander-v3@tunedbase,LunarLander-v3,rule_periodic_k2,2.5,4,규칙(지문없음),-458.5106786518589,-372.3606786518589,34.46,1.0,68.46,100,0.0,0,results/raw/LunarLander-v3@tunedbase/rule_periodic_k2/lam2.5/seed4_final.csv
LunarLander-v3@tunedbase,LunarLander-v3,rule_periodic_k2,2.5,5,규칙(지문없음),-453.1150324860584,-368.1900324860584,33.97,1.0,67.48,100,0.0,0,results/raw/LunarLander-v3@tunedbase/rule_periodic_k2/lam2.5/seed5_final.csv
LunarLander-v3@tunedbase,LunarLander-v3,rule_periodic_k2,2.5,6,규칙(지문없음),-458.88382706626027,-372.08382706626026,34.72,1.0,68.85,100,0.0,0,results/raw/LunarLander-v3@tunedbase/rule_periodic_k2/lam2.5/seed6_final.csv
LunarLander-v3@tunedbase,LunarLander-v3,rule_periodic_k2,2.5,7,규칙(지문없음),-448.78854064255984,-364.2135406425598,33.83,1.0,67.22,100,0.001,0,results/raw/LunarLander-v3@tunedbase/rule_periodic_k2/lam2.5/seed7_final.csv
LunarLander-v3@tunedbase,LunarLander-v3,rule_periodic_k2,2.5,8,규칙(지문없음),-458.8130459568671,-373.038045956867,34.31,1.0,68.17,100,0.0,0,results/raw/LunarLander-v3@tunedbase/rule_periodic_k2/lam2.5/seed8_final.csv
LunarLander-v3@tunedbase,LunarLander-v3,rule_periodic_k2,2.5,9,규칙(지문없음),-446.2629469799942,-360.61294697999415,34.26,1.0,68.05,100,0.0,0,results/raw/LunarLander-v3@tunedbase/rule_periodic_k2/lam2.5/seed9_final.csv
LunarLander-v3@tunedbase,LunarLander-v3,rule_periodic_k2,3.0,0,규칙(지문없음),-477.06823144563066,-371.9482314456307,35.04,1.0,69.59,100,0.0,0,results/raw/LunarLander-v3@tunedbase/rule_periodic_k2/lam3.0/seed0_final.csv
LunarLander-v3@tunedbase,LunarLander-v3,rule_periodic_k2,3.0,1,규칙(지문없음),-467.79677190832285,-365.55677190832284,34.08,1.0,67.6,100,0.0,0,results/raw/LunarLander-v3@tunedbase/rule_periodic_k2/lam3.0/seed1_final.csv
LunarLander-v3@tunedbase,LunarLander-v3,rule_periodic_k2,3.0,2,규칙(지문없음),-476.91759339132915,-372.7575933913291,34.72,1.0,68.85,100,0.0,0,results/raw/LunarLander-v3@tunedbase/rule_periodic_k2/lam3.0/seed2_final.csv
LunarLander-v3@tunedbase,LunarLander-v3,rule_periodic_k2,3.0,3,규칙(지문없음),-458.362237160074,-356.24223716007396,34.04,1.0,67.59,100,0.0,0,results/raw/LunarLander-v3@tunedbase/rule_periodic_k2/lam3.0/seed3_final.csv
LunarLander-v3@tunedbase,LunarLander-v3,rule_periodic_k2,3.0,4,규칙(지문없음),-475.7406786518589,-372.3606786518589,34.46,1.0,68.46,100,0.0,0,results/raw/LunarLander-v3@tunedbase/rule_periodic_k2/lam3.0/seed4_final.csv
LunarLander-v3@tunedbase,LunarLander-v3,rule_periodic_k2,3.0,5,규칙(지문없음),-470.1000324860584,-368.1900324860584,33.97,1.0,67.48,100,0.0,0,results/raw/LunarLander-v3@tunedbase/rule_periodic_k2/lam3.0/seed5_final.csv
LunarLander-v3@tunedbase,LunarLander-v3,rule_periodic_k2,3.0,6,규칙(지문없음),-476.2438270662603,-372.08382706626026,34.72,1.0,68.85,100,0.0,0,results/raw/LunarLander-v3@tunedbase/rule_periodic_k2/lam3.0/seed6_final.csv
LunarLander-v3@tunedbase,LunarLander-v3,rule_periodic_k2,3.0,7,규칙(지문없음),-465.7035406425598,-364.2135406425598,33.83,1.0,67.22,100,0.0,0,results/raw/LunarLander-v3@tunedbase/rule_periodic_k2/lam3.0/seed7_final.csv
LunarLander-v3@tunedbase,LunarLander-v3,rule_periodic_k2,3.0,8,규칙(지문없음),-475.96804595686706,-373.038045956867,34.31,1.0,68.17,100,0.0,0,results/raw/LunarLander-v3@tunedbase/rule_periodic_k2/lam3.0/seed8_final.csv
LunarLander-v3@tunedbase,LunarLander-v3,rule_periodic_k2,3.0,9,규칙(지문없음),-463.3929469799942,-360.61294697999415,34.26,1.0,68.05,100,0.0,0,results/raw/LunarLander-v3@tunedbase/rule_periodic_k2/lam3.0/seed9_final.csv
LunarLander-v3@tunedbase,LunarLander-v3,rule_periodic_k4,0.0,0,규칙(지문없음),-231.69562490489142,-231.69562490489142,18.27,1.0,71.73,100,0.0,0,results/raw/LunarLander-v3@tunedbase/rule_periodic_k4/lam0.0/seed0_final.csv
LunarLander-v3@tunedbase,LunarLander-v3,rule_periodic_k4,0.0,1,규칙(지문없음),-233.74649082826315,-233.74649082826315,17.77,1.0,69.76,100,0.0,0,results/raw/LunarLander-v3@tunedbase/rule_periodic_k4/lam0.0/seed1_final.csv
LunarLander-v3@tunedbase,LunarLander-v3,rule_periodic_k4,0.0,2,규칙(지문없음),-231.2227500972207,-231.2227500972207,18.0,1.0,70.35,100,0.0,0,results/raw/LunarLander-v3@tunedbase/rule_periodic_k4/lam0.0/seed2_final.csv
LunarLander-v3@tunedbase,LunarLander-v3,rule_periodic_k4,0.0,3,규칙(지문없음),-232.01136354916346,-232.01136354916346,18.06,1.0,70.8,100,0.0,0,results/raw/LunarLander-v3@tunedbase/rule_periodic_k4/lam0.0/seed3_final.csv
LunarLander-v3@tunedbase,LunarLander-v3,rule_periodic_k4,0.0,4,규칙(지문없음),-233.7595594892253,-233.7595594892253,17.95,1.0,70.39,100,0.0,0,results/raw/LunarLander-v3@tunedbase/rule_periodic_k4/lam0.0/seed4_final.csv
LunarLander-v3@tunedbase,LunarLander-v3,rule_periodic_k4,0.0,5,규칙(지문없음),-237.42072637987795,-237.42072637987795,17.69,1.0,69.17,100,0.0,0,results/raw/LunarLander-v3@tunedbase/rule_periodic_k4/lam0.0/seed5_final.csv
LunarLander-v3@tunedbase,LunarLander-v3,rule_periodic_k4,0.0,6,규칙(지문없음),-237.20491054014738,-237.20491054014738,18.25,1.0,71.31,100,0.003,0,results/raw/LunarLander-v3@tunedbase/rule_periodic_k4/lam0.0/seed6_final.csv
LunarLander-v3@tunedbase,LunarLander-v3,rule_periodic_k4,0.0,7,규칙(지문없음),-229.58222898764845,-229.58222898764845,17.89,1.0,69.79,100,0.0,0,results/raw/LunarLander-v3@tunedbase/rule_periodic_k4/lam0.0/seed7_final.csv
LunarLander-v3@tunedbase,LunarLander-v3,rule_periodic_k4,0.0,8,규칙(지문없음),-240.8980885605219,-240.8980885605219,17.98,1.0,70.4,100,0.0,0,results/raw/LunarLander-v3@tunedbase/rule_periodic_k4/lam0.0/seed8_final.csv
LunarLander-v3@tunedbase,LunarLander-v3,rule_periodic_k4,0.0,9,규칙(지문없음),-231.96942463024948,-231.96942463024948,17.9,1.0,70.14,100,0.0,0,results/raw/LunarLander-v3@tunedbase/rule_periodic_k4/lam0.0/seed9_final.csv
LunarLander-v3@tunedbase,LunarLander-v3,rule_periodic_k4,0.1,0,규칙(지문없음),-233.52262490489142,-231.69562490489142,18.27,1.0,71.73,100,0.0,0,results/raw/LunarLander-v3@tunedbase/rule_periodic_k4/lam0.1/seed0_final.csv
LunarLander-v3@tunedbase,LunarLander-v3,rule_periodic_k4,0.1,1,규칙(지문없음),-235.52349082826316,-233.74649082826315,17.77,1.0,69.76,100,0.0,0,results/raw/LunarLander-v3@tunedbase/rule_periodic_k4/lam0.1/seed1_final.csv
LunarLander-v3@tunedbase,LunarLander-v3,rule_periodic_k4,0.1,2,규칙(지문없음),-233.0227500972207,-231.2227500972207,18.0,1.0,70.35,100,0.0,0,results/raw/LunarLander-v3@tunedbase/rule_periodic_k4/lam0.1/seed2_final.csv
LunarLander-v3@tunedbase,LunarLander-v3,rule_periodic_k4,0.1,3,규칙(지문없음),-233.81736354916345,-232.01136354916346,18.06,1.0,70.8,100,0.0,0,results/raw/LunarLander-v3@tunedbase/rule_periodic_k4/lam0.1/seed3_final.csv
LunarLander-v3@tunedbase,LunarLander-v3,rule_periodic_k4,0.1,4,규칙(지문없음),-235.5545594892253,-233.7595594892253,17.95,1.0,70.39,100,0.0,0,results/raw/LunarLander-v3@tunedbase/rule_periodic_k4/lam0.1/seed4_final.csv
LunarLander-v3@tunedbase,LunarLander-v3,rule_periodic_k4,0.1,5,규칙(지문없음),-239.189726379878,-237.42072637987795,17.69,1.0,69.17,100,0.0,0,results/raw/LunarLander-v3@tunedbase/rule_periodic_k4/lam0.1/seed5_final.csv
LunarLander-v3@tunedbase,LunarLander-v3,rule_periodic_k4,0.1,6,규칙(지문없음),-239.02991054014743,-237.20491054014738,18.25,1.0,71.31,100,0.0,0,results/raw/LunarLander-v3@tunedbase/rule_periodic_k4/lam0.1/seed6_final.csv
LunarLander-v3@tunedbase,LunarLander-v3,rule_periodic_k4,0.1,7,규칙(지문없음),-231.3712289876485,-229.58222898764845,17.89,1.0,69.79,100,0.0,0,results/raw/LunarLander-v3@tunedbase/rule_periodic_k4/lam0.1/seed7_final.csv
LunarLander-v3@tunedbase,LunarLander-v3,rule_periodic_k4,0.1,8,규칙(지문없음),-242.69608856052196,-240.8980885605219,17.98,1.0,70.4,100,0.0,0,results/raw/LunarLander-v3@tunedbase/rule_periodic_k4/lam0.1/seed8_final.csv
LunarLander-v3@tunedbase,LunarLander-v3,rule_periodic_k4,0.1,9,규칙(지문없음),-233.7594246302495,-231.96942463024948,17.9,1.0,70.14,100,0.0,0,results/raw/LunarLander-v3@tunedbase/rule_periodic_k4/lam0.1/seed9_final.csv
LunarLander-v3@tunedbase,LunarLander-v3,rule_periodic_k4,0.3,0,규칙(지문없음),-237.17662490489144,-231.69562490489142,18.27,1.0,71.73,100,0.0,0,results/raw/LunarLander-v3@tunedbase/rule_periodic_k4/lam0.3/seed0_final.csv
LunarLander-v3@tunedbase,LunarLander-v3,rule_periodic_k4,0.3,1,규칙(지문없음),-239.0774908282632,-233.74649082826315,17.77,1.0,69.76,100,0.0,0,results/raw/LunarLander-v3@tunedbase/rule_periodic_k4/lam0.3/seed1_final.csv
LunarLander-v3@tunedbase,LunarLander-v3,rule_periodic_k4,0.3,2,규칙(지문없음),-236.62275009722066,-231.2227500972207,18.0,1.0,70.35,100,0.001,0,results/raw/LunarLander-v3@tunedbase/rule_periodic_k4/lam0.3/seed2_final.csv
LunarLander-v3@tunedbase,LunarLander-v3,rule_periodic_k4,0.3,3,규칙(지문없음),-237.4293635491635,-232.01136354916346,18.06,1.0,70.8,100,0.0,0,results/raw/LunarLander-v3@tunedbase/rule_periodic_k4/lam0.3/seed3_final.csv
LunarLander-v3@tunedbase,LunarLander-v3,rule_periodic_k4,0.3,4,규칙(지문없음),-239.14455948922526,-233.7595594892253,17.95,1.0,70.39,100,0.0,0,results/raw/LunarLander-v3@tunedbase/rule_periodic_k4/lam0.3/seed4_final.csv
LunarLander-v3@tunedbase,LunarLander-v3,rule_periodic_k4,0.3,5,규칙(지문없음),-242.72772637987794,-237.42072637987795,17.69,1.0,69.17,100,0.0,0,results/raw/LunarLander-v3@tunedbase/rule_periodic_k4/lam0.3/seed5_final.csv
LunarLander-v3@tunedbase,LunarLander-v3,rule_periodic_k4,0.3,6,규칙(지문없음),-242.67991054014743,-237.20491054014738,18.25,1.0,71.31,100,0.0,0,results/raw/LunarLander-v3@tunedbase/rule_periodic_k4/lam0.3/seed6_final.csv
LunarLander-v3@tunedbase,LunarLander-v3,rule_periodic_k4,0.3,7,규칙(지문없음),-234.9492289876485,-229.58222898764845,17.89,1.0,69.79,100,0.0,0,results/raw/LunarLander-v3@tunedbase/rule_periodic_k4/lam0.3/seed7_final.csv
LunarLander-v3@tunedbase,LunarLander-v3,rule_periodic_k4,0.3,8,규칙(지문없음),-246.2920885605219,-240.8980885605219,17.98,1.0,70.4,100,0.0,0,results/raw/LunarLander-v3@tunedbase/rule_periodic_k4/lam0.3/seed8_final.csv
LunarLander-v3@tunedbase,LunarLander-v3,rule_periodic_k4,0.3,9,규칙(지문없음),-237.33942463024957,-231.96942463024948,17.9,1.0,70.14,100,0.0,0,results/raw/LunarLander-v3@tunedbase/rule_periodic_k4/lam0.3/seed9_final.csv
LunarLander-v3@tunedbase,LunarLander-v3,rule_periodic_k4,0.6,0,규칙(지문없음),-242.6576249048914,-231.69562490489142,18.27,1.0,71.73,100,0.0,0,results/raw/LunarLander-v3@tunedbase/rule_periodic_k4/lam0.6/seed0_final.csv
LunarLander-v3@tunedbase,LunarLander-v3,rule_periodic_k4,0.6,1,규칙(지문없음),-244.40849082826315,-233.74649082826315,17.77,1.0,69.76,100,0.0,0,results/raw/LunarLander-v3@tunedbase/rule_periodic_k4/lam0.6/seed1_final.csv
LunarLander-v3@tunedbase,LunarLander-v3,rule_periodic_k4,0.6,2,규칙(지문없음),-242.02275009722067,-231.2227500972207,18.0,1.0,70.35,100,0.0,0,results/raw/LunarLander-v3@tunedbase/rule_periodic_k4/lam0.6/seed2_final.csv
LunarLander-v3@tunedbase,LunarLander-v3,rule_periodic_k4,0.6,3,규칙(지문없음),-242.84736354916345,-232.01136354916346,18.06,1.0,70.8,100,0.001,0,results/raw/LunarLander-v3@tunedbase/rule_periodic_k4/lam0.6/seed3_final.csv
LunarLander-v3@tunedbase,LunarLander-v3,rule_periodic_k4,0.6,4,규칙(지문없음),-244.52955948922533,-233.7595594892253,17.95,1.0,70.39,100,0.0,0,results/raw/LunarLander-v3@tunedbase/rule_periodic_k4/lam0.6/seed4_final.csv
LunarLander-v3@tunedbase,LunarLander-v3,rule_periodic_k4,0.6,5,규칙(지문없음),-248.034726379878,-237.42072637987795,17.69,1.0,69.17,100,0.0,0,results/raw/LunarLander-v3@tunedbase/rule_periodic_k4/lam0.6/seed5_final.csv
LunarLander-v3@tunedbase,LunarLander-v3,rule_periodic_k4,0.6,6,규칙(지문없음),-248.15491054014743,-237.20491054014738,18.25,1.0,71.31,100,0.0,0,results/raw/LunarLander-v3@tunedbase/rule_periodic_k4/lam0.6/seed6_final.csv
LunarLander-v3@tunedbase,LunarLander-v3,rule_periodic_k4,0.6,7,규칙(지문없음),-240.31622898764851,-229.58222898764845,17.89,1.0,69.79,100,0.0,0,results/raw/LunarLander-v3@tunedbase/rule_periodic_k4/lam0.6/seed7_final.csv
LunarLander-v3@tunedbase,LunarLander-v3,rule_periodic_k4,0.6,8,규칙(지문없음),-251.68608856052197,-240.8980885605219,17.98,1.0,70.4,100,0.001,0,results/raw/LunarLander-v3@tunedbase/rule_periodic_k4/lam0.6/seed8_final.csv
LunarLander-v3@tunedbase,LunarLander-v3,rule_periodic_k4,0.6,9,규칙(지문없음),-242.7094246302495,-231.96942463024948,17.9,1.0,70.14,100,0.0,0,results/raw/LunarLander-v3@tunedbase/rule_periodic_k4/lam0.6/seed9_final.csv
LunarLander-v3@tunedbase,LunarLander-v3,rule_periodic_k4,1.0,0,규칙(지문없음),-249.96562490489137,-231.69562490489142,18.27,1.0,71.73,100,0.0,0,results/raw/LunarLander-v3@tunedbase/rule_periodic_k4/lam1.0/seed0_final.csv
LunarLander-v3@tunedbase,LunarLander-v3,rule_periodic_k4,1.0,1,규칙(지문없음),-251.51649082826316,-233.74649082826315,17.77,1.0,69.76,100,0.0,0,results/raw/LunarLander-v3@tunedbase/rule_periodic_k4/lam1.0/seed1_final.csv
LunarLander-v3@tunedbase,LunarLander-v3,rule_periodic_k4,1.0,2,규칙(지문없음),-249.2227500972207,-231.2227500972207,18.0,1.0,70.35,100,0.0,0,results/raw/LunarLander-v3@tunedbase/rule_periodic_k4/lam1.0/seed2_final.csv
LunarLander-v3@tunedbase,LunarLander-v3,rule_periodic_k4,1.0,3,규칙(지문없음),-250.07136354916346,-232.01136354916346,18.06,1.0,70.8,100,0.0,0,results/raw/LunarLander-v3@tunedbase/rule_periodic_k4/lam1.0/seed3_final.csv
LunarLander-v3@tunedbase,LunarLander-v3,rule_periodic_k4,1.0,4,규칙(지문없음),-251.70955948922528,-233.7595594892253,17.95,1.0,70.39,100,0.0,0,results/raw/LunarLander-v3@tunedbase/rule_periodic_k4/lam1.0/seed4_final.csv
LunarLander-v3@tunedbase,LunarLander-v3,rule_periodic_k4,1.0,5,규칙(지문없음),-255.11072637987797,-237.42072637987795,17.69,1.0,69.17,100,0.0,0,results/raw/LunarLander-v3@tunedbase/rule_periodic_k4/lam1.0/seed5_final.csv
LunarLander-v3@tunedbase,LunarLander-v3,rule_periodic_k4,1.0,6,규칙(지문없음),-255.45491054014738,-237.20491054014738,18.25,1.0,71.31,100,0.002,0,results/raw/LunarLander-v3@tunedbase/rule_periodic_k4/lam1.0/seed6_final.csv
LunarLander-v3@tunedbase,LunarLander-v3,rule_periodic_k4,1.0,7,규칙(지문없음),-247.47222898764852,-229.58222898764845,17.89,1.0,69.79,100,0.0,0,results/raw/LunarLander-v3@tunedbase/rule_periodic_k4/lam1.0/seed7_final.csv
LunarLander-v3@tunedbase,LunarLander-v3,rule_periodic_k4,1.0,8,규칙(지문없음),-258.8780885605219,-240.8980885605219,17.98,1.0,70.4,100,0.0,0,results/raw/LunarLander-v3@tunedbase/rule_periodic_k4/lam1.0/seed8_final.csv
LunarLander-v3@tunedbase,LunarLander-v3,rule_periodic_k4,1.0,9,규칙(지문없음),-249.86942463024948,-231.96942463024948,17.9,1.0,70.14,100,0.0,0,results/raw/LunarLander-v3@tunedbase/rule_periodic_k4/lam1.0/seed9_final.csv
LunarLander-v3@tunedbase,LunarLander-v3,rule_periodic_k4,1.2,0,규칙(지문없음),-253.61962490489142,-231.69562490489142,18.27,1.0,71.73,100,0.0,0,results/raw/LunarLander-v3@tunedbase/rule_periodic_k4/lam1.2/seed0_final.csv
LunarLander-v3@tunedbase,LunarLander-v3,rule_periodic_k4,1.2,1,규칙(지문없음),-255.07049082826313,-233.74649082826315,17.77,1.0,69.76,100,0.0,0,results/raw/LunarLander-v3@tunedbase/rule_periodic_k4/lam1.2/seed1_final.csv
LunarLander-v3@tunedbase,LunarLander-v3,rule_periodic_k4,1.2,2,규칙(지문없음),-252.8227500972207,-231.2227500972207,18.0,1.0,70.35,100,0.0,0,results/raw/LunarLander-v3@tunedbase/rule_periodic_k4/lam1.2/seed2_final.csv
LunarLander-v3@tunedbase,LunarLander-v3,rule_periodic_k4,1.2,3,규칙(지문없음),-253.6833635491635,-232.01136354916346,18.06,1.0,70.8,100,0.0,0,results/raw/LunarLander-v3@tunedbase/rule_periodic_k4/lam1.2/seed3_final.csv
LunarLander-v3@tunedbase,LunarLander-v3,rule_periodic_k4,1.2,4,규칙(지문없음),-255.29955948922535,-233.7595594892253,17.95,1.0,70.39,100,0.001,0,results/raw/LunarLander-v3@tunedbase/rule_periodic_k4/lam1.2/seed4_final.csv
LunarLander-v3@tunedbase,LunarLander-v3,rule_periodic_k4,1.2,5,규칙(지문없음),-258.64872637987804,-237.42072637987795,17.69,1.0,69.17,100,0.0,0,results/raw/LunarLander-v3@tunedbase/rule_periodic_k4/lam1.2/seed5_final.csv
LunarLander-v3@tunedbase,LunarLander-v3,rule_periodic_k4,1.2,6,규칙(지문없음),-259.10491054014744,-237.20491054014738,18.25,1.0,71.31,100,0.0,0,results/raw/LunarLander-v3@tunedbase/rule_periodic_k4/lam1.2/seed6_final.csv
LunarLander-v3@tunedbase,LunarLander-v3,rule_periodic_k4,1.2,7,규칙(지문없음),-251.05022898764852,-229.58222898764845,17.89,1.0,69.79,100,0.0,0,results/raw/LunarLander-v3@tunedbase/rule_periodic_k4/lam1.2/seed7_final.csv
LunarLander-v3@tunedbase,LunarLander-v3,rule_periodic_k4,1.2,8,규칙(지문없음),-262.474088560522,-240.8980885605219,17.98,1.0,70.4,100,0.0,0,results/raw/LunarLander-v3@tunedbase/rule_periodic_k4/lam1.2/seed8_final.csv
LunarLander-v3@tunedbase,LunarLander-v3,rule_periodic_k4,1.2,9,규칙(지문없음),-253.44942463024952,-231.96942463024948,17.9,1.0,70.14,100,0.0,0,results/raw/LunarLander-v3@tunedbase/rule_periodic_k4/lam1.2/seed9_final.csv
LunarLander-v3@tunedbase,LunarLander-v3,rule_periodic_k4,1.37,0,규칙(지문없음),-256.7255249048914,-231.69562490489142,18.27,1.0,71.73,100,0.0,0,results/raw/LunarLander-v3@tunedbase/rule_periodic_k4/lam1.37/seed0_final.csv
LunarLander-v3@tunedbase,LunarLander-v3,rule_periodic_k4,1.37,1,규칙(지문없음),-258.0913908282632,-233.74649082826315,17.77,1.0,69.76,100,0.002,0,results/raw/LunarLander-v3@tunedbase/rule_periodic_k4/lam1.37/seed1_final.csv
LunarLander-v3@tunedbase,LunarLander-v3,rule_periodic_k4,1.37,2,규칙(지문없음),-255.88275009722068,-231.2227500972207,18.0,1.0,70.35,100,0.0,0,results/raw/LunarLander-v3@tunedbase/rule_periodic_k4/lam1.37/seed2_final.csv
LunarLander-v3@tunedbase,LunarLander-v3,rule_periodic_k4,1.37,3,규칙(지문없음),-256.75356354916346,-232.01136354916346,18.06,1.0,70.8,100,0.002,0,results/raw/LunarLander-v3@tunedbase/rule_periodic_k4/lam1.37/seed3_final.csv
LunarLander-v3@tunedbase,LunarLander-v3,rule_periodic_k4,1.37,4,규칙(지문없음),-258.3510594892253,-233.7595594892253,17.95,1.0,70.39,100,0.0,0,results/raw/LunarLander-v3@tunedbase/rule_periodic_k4/lam1.37/seed4_final.csv
LunarLander-v3@tunedbase,LunarLander-v3,rule_periodic_k4,1.37,5,규칙(지문없음),-261.656026379878,-237.42072637987795,17.69,1.0,69.17,100,0.0,0,results/raw/LunarLander-v3@tunedbase/rule_periodic_k4/lam1.37/seed5_final.csv
LunarLander-v3@tunedbase,LunarLander-v3,rule_periodic_k4,1.37,6,규칙(지문없음),-262.2074105401474,-237.20491054014738,18.25,1.0,71.31,100,0.0,0,results/raw/LunarLander-v3@tunedbase/rule_periodic_k4/lam1.37/seed6_final.csv
LunarLander-v3@tunedbase,LunarLander-v3,rule_periodic_k4,1.37,7,규칙(지문없음),-254.0915289876485,-229.58222898764845,17.89,1.0,69.79,100,0.0,0,results/raw/LunarLander-v3@tunedbase/rule_periodic_k4/lam1.37/seed7_final.csv
LunarLander-v3@tunedbase,LunarLander-v3,rule_periodic_k4,1.37,8,규칙(지문없음),-265.5306885605219,-240.8980885605219,17.98,1.0,70.4,100,0.001,0,results/raw/LunarLander-v3@tunedbase/rule_periodic_k4/lam1.37/seed8_final.csv
LunarLander-v3@tunedbase,LunarLander-v3,rule_periodic_k4,1.37,9,규칙(지문없음),-256.4924246302495,-231.96942463024948,17.9,1.0,70.14,100,0.0,0,results/raw/LunarLander-v3@tunedbase/rule_periodic_k4/lam1.37/seed9_final.csv
LunarLander-v3@tunedbase,LunarLander-v3,rule_periodic_k4,1.6,0,규칙(지문없음),-260.92762490489145,-231.69562490489142,18.27,1.0,71.73,100,0.0,0,results/raw/LunarLander-v3@tunedbase/rule_periodic_k4/lam1.6/seed0_final.csv
LunarLander-v3@tunedbase,LunarLander-v3,rule_periodic_k4,1.6,1,규칙(지문없음),-262.1784908282632,-233.74649082826315,17.77,1.0,69.76,100,0.0,0,results/raw/LunarLander-v3@tunedbase/rule_periodic_k4/lam1.6/seed1_final.csv
LunarLander-v3@tunedbase,LunarLander-v3,rule_periodic_k4,1.6,2,규칙(지문없음),-260.0227500972207,-231.2227500972207,18.0,1.0,70.35,100,0.002,0,results/raw/LunarLander-v3@tunedbase/rule_periodic_k4/lam1.6/seed2_final.csv
LunarLander-v3@tunedbase,LunarLander-v3,rule_periodic_k4,1.6,3,규칙(지문없음),-260.90736354916345,-232.01136354916346,18.06,1.0,70.8,100,0.0,0,results/raw/LunarLander-v3@tunedbase/rule_periodic_k4/lam1.6/seed3_final.csv
LunarLander-v3@tunedbase,LunarLander-v3,rule_periodic_k4,1.6,4,규칙(지문없음),-262.4795594892253,-233.7595594892253,17.95,1.0,70.39,100,0.0,0,results/raw/LunarLander-v3@tunedbase/rule_periodic_k4/lam1.6/seed4_final.csv
LunarLander-v3@tunedbase,LunarLander-v3,rule_periodic_k4,1.6,5,규칙(지문없음),-265.724726379878,-237.42072637987795,17.69,1.0,69.17,100,0.0,0,results/raw/LunarLander-v3@tunedbase/rule_periodic_k4/lam1.6/seed5_final.csv
LunarLander-v3@tunedbase,LunarLander-v3,rule_periodic_k4,1.6,6,규칙(지문없음),-266.40491054014745,-237.20491054014738,18.25,1.0,71.31,100,0.0,0,results/raw/LunarLander-v3@tunedbase/rule_periodic_k4/lam1.6/seed6_final.csv
LunarLander-v3@tunedbase,LunarLander-v3,rule_periodic_k4,1.6,7,규칙(지문없음),-258.2062289876485,-229.58222898764845,17.89,1.0,69.79,100,0.0,0,results/raw/LunarLander-v3@tunedbase/rule_periodic_k4/lam1.6/seed7_final.csv
LunarLander-v3@tunedbase,LunarLander-v3,rule_periodic_k4,1.6,8,규칙(지문없음),-269.666088560522,-240.8980885605219,17.98,1.0,70.4,100,0.0,0,results/raw/LunarLander-v3@tunedbase/rule_periodic_k4/lam1.6/seed8_final.csv
LunarLander-v3@tunedbase,LunarLander-v3,rule_periodic_k4,1.6,9,규칙(지문없음),-260.60942463024946,-231.96942463024948,17.9,1.0,70.14,100,0.0,0,results/raw/LunarLander-v3@tunedbase/rule_periodic_k4/lam1.6/seed9_final.csv
LunarLander-v3@tunedbase,LunarLander-v3,rule_periodic_k4,1.8,0,규칙(지문없음),-264.58162490489144,-231.69562490489142,18.27,1.0,71.73,100,0.0,0,results/raw/LunarLander-v3@tunedbase/rule_periodic_k4/lam1.8/seed0_final.csv
LunarLander-v3@tunedbase,LunarLander-v3,rule_periodic_k4,1.8,1,규칙(지문없음),-265.73249082826317,-233.74649082826315,17.77,1.0,69.76,100,0.0,0,results/raw/LunarLander-v3@tunedbase/rule_periodic_k4/lam1.8/seed1_final.csv
LunarLander-v3@tunedbase,LunarLander-v3,rule_periodic_k4,1.8,2,규칙(지문없음),-263.6227500972207,-231.2227500972207,18.0,1.0,70.35,100,0.001,0,results/raw/LunarLander-v3@tunedbase/rule_periodic_k4/lam1.8/seed2_final.csv
LunarLander-v3@tunedbase,LunarLander-v3,rule_periodic_k4,1.8,3,규칙(지문없음),-264.5193635491635,-232.01136354916346,18.06,1.0,70.8,100,0.0,0,results/raw/LunarLander-v3@tunedbase/rule_periodic_k4/lam1.8/seed3_final.csv
LunarLander-v3@tunedbase,LunarLander-v3,rule_periodic_k4,1.8,4,규칙(지문없음),-266.06955948922524,-233.7595594892253,17.95,1.0,70.39,100,0.0,0,results/raw/LunarLander-v3@tunedbase/rule_periodic_k4/lam1.8/seed4_final.csv
LunarLander-v3@tunedbase,LunarLander-v3,rule_periodic_k4,1.8,5,규칙(지문없음),-269.26272637987796,-237.42072637987795,17.69,1.0,69.17,100,0.0,0,results/raw/LunarLander-v3@tunedbase/rule_periodic_k4/lam1.8/seed5_final.csv
LunarLander-v3@tunedbase,LunarLander-v3,rule_periodic_k4,1.8,6,규칙(지문없음),-270.0549105401474,-237.20491054014738,18.25,1.0,71.31,100,0.0,0,results/raw/LunarLander-v3@tunedbase/rule_periodic_k4/lam1.8/seed6_final.csv
LunarLander-v3@tunedbase,LunarLander-v3,rule_periodic_k4,1.8,7,규칙(지문없음),-261.7842289876485,-229.58222898764845,17.89,1.0,69.79,100,0.0,0,results/raw/LunarLander-v3@tunedbase/rule_periodic_k4/lam1.8/seed7_final.csv
LunarLander-v3@tunedbase,LunarLander-v3,rule_periodic_k4,1.8,8,규칙(지문없음),-273.26208856052193,-240.8980885605219,17.98,1.0,70.4,100,0.0,0,results/raw/LunarLander-v3@tunedbase/rule_periodic_k4/lam1.8/seed8_final.csv
LunarLander-v3@tunedbase,LunarLander-v3,rule_periodic_k4,1.8,9,규칙(지문없음),-264.18942463024956,-231.96942463024948,17.9,1.0,70.14,100,0.0,0,results/raw/LunarLander-v3@tunedbase/rule_periodic_k4/lam1.8/seed9_final.csv
LunarLander-v3@tunedbase,LunarLander-v3,rule_periodic_k4,2.0,0,규칙(지문없음),-268.23562490489144,-231.69562490489142,18.27,1.0,71.73,100,0.0,0,results/raw/LunarLander-v3@tunedbase/rule_periodic_k4/lam2.0/seed0_final.csv
LunarLander-v3@tunedbase,LunarLander-v3,rule_periodic_k4,2.0,1,규칙(지문없음),-269.28649082826314,-233.74649082826315,17.77,1.0,69.76,100,0.0,0,results/raw/LunarLander-v3@tunedbase/rule_periodic_k4/lam2.0/seed1_final.csv
LunarLander-v3@tunedbase,LunarLander-v3,rule_periodic_k4,2.0,2,규칙(지문없음),-267.2227500972207,-231.2227500972207,18.0,1.0,70.35,100,0.0,0,results/raw/LunarLander-v3@tunedbase/rule_periodic_k4/lam2.0/seed2_final.csv
LunarLander-v3@tunedbase,LunarLander-v3,rule_periodic_k4,2.0,3,규칙(지문없음),-268.13136354916344,-232.01136354916346,18.06,1.0,70.8,100,0.001,0,results/raw/LunarLander-v3@tunedbase/rule_periodic_k4/lam2.0/seed3_final.csv
LunarLander-v3@tunedbase,LunarLander-v3,rule_periodic_k4,2.0,4,규칙(지문없음),-269.6595594892253,-233.7595594892253,17.95,1.0,70.39,100,0.0,0,results/raw/LunarLander-v3@tunedbase/rule_periodic_k4/lam2.0/seed4_final.csv
LunarLander-v3@tunedbase,LunarLander-v3,rule_periodic_k4,2.0,5,규칙(지문없음),-272.800726379878,-237.42072637987795,17.69,1.0,69.17,100,0.0,0,results/raw/LunarLander-v3@tunedbase/rule_periodic_k4/lam2.0/seed5_final.csv
LunarLander-v3@tunedbase,LunarLander-v3,rule_periodic_k4,2.0,6,규칙(지문없음),-273.7049105401474,-237.20491054014738,18.25,1.0,71.31,100,0.0,0,results/raw/LunarLander-v3@tunedbase/rule_periodic_k4/lam2.0/seed6_final.csv
LunarLander-v3@tunedbase,LunarLander-v3,rule_periodic_k4,2.0,7,규칙(지문없음),-265.3622289876485,-229.58222898764845,17.89,1.0,69.79,100,0.0,0,results/raw/LunarLander-v3@tunedbase/rule_periodic_k4/lam2.0/seed7_final.csv
LunarLander-v3@tunedbase,LunarLander-v3,rule_periodic_k4,2.0,8,규칙(지문없음),-276.8580885605219,-240.8980885605219,17.98,1.0,70.4,100,0.001,0,results/raw/LunarLander-v3@tunedbase/rule_periodic_k4/lam2.0/seed8_final.csv
LunarLander-v3@tunedbase,LunarLander-v3,rule_periodic_k4,2.0,9,규칙(지문없음),-267.7694246302495,-231.96942463024948,17.9,1.0,70.14,100,0.0,0,results/raw/LunarLander-v3@tunedbase/rule_periodic_k4/lam2.0/seed9_final.csv
LunarLander-v3@tunedbase,LunarLander-v3,rule_periodic_k4,2.5,0,규칙(지문없음),-277.37062490489143,-231.69562490489142,18.27,1.0,71.73,100,0.0,0,results/raw/LunarLander-v3@tunedbase/rule_periodic_k4/lam2.5/seed0_final.csv
LunarLander-v3@tunedbase,LunarLander-v3,rule_periodic_k4,2.5,1,규칙(지문없음),-278.17149082826313,-233.74649082826315,17.77,1.0,69.76,100,0.0,0,results/raw/LunarLander-v3@tunedbase/rule_periodic_k4/lam2.5/seed1_final.csv
LunarLander-v3@tunedbase,LunarLander-v3,rule_periodic_k4,2.5,2,규칙(지문없음),-276.2227500972207,-231.2227500972207,18.0,1.0,70.35,100,0.0,0,results/raw/LunarLander-v3@tunedbase/rule_periodic_k4/lam2.5/seed2_final.csv
LunarLander-v3@tunedbase,LunarLander-v3,rule_periodic_k4,2.5,3,규칙(지문없음),-277.16136354916347,-232.01136354916346,18.06,1.0,70.8,100,0.0,0,results/raw/LunarLander-v3@tunedbase/rule_periodic_k4/lam2.5/seed3_final.csv
LunarLander-v3@tunedbase,LunarLander-v3,rule_periodic_k4,2.5,4,규칙(지문없음),-278.6345594892253,-233.7595594892253,17.95,1.0,70.39,100,0.0,0,results/raw/LunarLander-v3@tunedbase/rule_periodic_k4/lam2.5/seed4_final.csv
LunarLander-v3@tunedbase,LunarLander-v3,rule_periodic_k4,2.5,5,규칙(지문없음),-281.64572637987794,-237.42072637987795,17.69,1.0,69.17,100,0.0,0,results/raw/LunarLander-v3@tunedbase/rule_periodic_k4/lam2.5/seed5_final.csv
LunarLander-v3@tunedbase,LunarLander-v3,rule_periodic_k4,2.5,6,규칙(지문없음),-282.8299105401474,-237.20491054014738,18.25,1.0,71.31,100,0.0,0,results/raw/LunarLander-v3@tunedbase/rule_periodic_k4/lam2.5/seed6_final.csv
LunarLander-v3@tunedbase,LunarLander-v3,rule_periodic_k4,2.5,7,규칙(지문없음),-274.3072289876485,-229.58222898764845,17.89,1.0,69.79,100,0.0,0,results/raw/LunarLander-v3@tunedbase/rule_periodic_k4/lam2.5/seed7_final.csv
LunarLander-v3@tunedbase,LunarLander-v3,rule_periodic_k4,2.5,8,규칙(지문없음),-285.8480885605219,-240.8980885605219,17.98,1.0,70.4,100,0.0,0,results/raw/LunarLander-v3@tunedbase/rule_periodic_k4/lam2.5/seed8_final.csv
LunarLander-v3@tunedbase,LunarLander-v3,rule_periodic_k4,2.5,9,규칙(지문없음),-276.7194246302495,-231.96942463024948,17.9,1.0,70.14,100,0.0,0,results/raw/LunarLander-v3@tunedbase/rule_periodic_k4/lam2.5/seed9_final.csv
LunarLander-v3@tunedbase,LunarLander-v3,rule_periodic_k4,3.0,0,규칙(지문없음),-286.5056249048914,-231.69562490489142,18.27,1.0,71.73,100,0.0,0,results/raw/LunarLander-v3@tunedbase/rule_periodic_k4/lam3.0/seed0_final.csv
LunarLander-v3@tunedbase,LunarLander-v3,rule_periodic_k4,3.0,1,규칙(지문없음),-287.0564908282632,-233.74649082826315,17.77,1.0,69.76,100,0.0,0,results/raw/LunarLander-v3@tunedbase/rule_periodic_k4/lam3.0/seed1_final.csv
LunarLander-v3@tunedbase,LunarLander-v3,rule_periodic_k4,3.0,2,규칙(지문없음),-285.2227500972207,-231.2227500972207,18.0,1.0,70.35,100,0.0,0,results/raw/LunarLander-v3@tunedbase/rule_periodic_k4/lam3.0/seed2_final.csv
LunarLander-v3@tunedbase,LunarLander-v3,rule_periodic_k4,3.0,3,규칙(지문없음),-286.1913635491635,-232.01136354916346,18.06,1.0,70.8,100,0.0,0,results/raw/LunarLander-v3@tunedbase/rule_periodic_k4/lam3.0/seed3_final.csv
LunarLander-v3@tunedbase,LunarLander-v3,rule_periodic_k4,3.0,4,규칙(지문없음),-287.60955948922526,-233.7595594892253,17.95,1.0,70.39,100,0.0,0,results/raw/LunarLander-v3@tunedbase/rule_periodic_k4/lam3.0/seed4_final.csv
LunarLander-v3@tunedbase,LunarLander-v3,rule_periodic_k4,3.0,5,규칙(지문없음),-290.49072637987797,-237.42072637987795,17.69,1.0,69.17,100,0.0,0,results/raw/LunarLander-v3@tunedbase/rule_periodic_k4/lam3.0/seed5_final.csv
LunarLander-v3@tunedbase,LunarLander-v3,rule_periodic_k4,3.0,6,규칙(지문없음),-291.9549105401474,-237.20491054014738,18.25,1.0,71.31,100,0.0,0,results/raw/LunarLander-v3@tunedbase/rule_periodic_k4/lam3.0/seed6_final.csv
LunarLander-v3@tunedbase,LunarLander-v3,rule_periodic_k4,3.0,7,규칙(지문없음),-283.25222898764855,-229.58222898764845,17.89,1.0,69.79,100,0.0,0,results/raw/LunarLander-v3@tunedbase/rule_periodic_k4/lam3.0/seed7_final.csv
LunarLander-v3@tunedbase,LunarLander-v3,rule_periodic_k4,3.0,8,규칙(지문없음),-294.8380885605219,-240.8980885605219,17.98,1.0,70.4,100,0.0,0,results/raw/LunarLander-v3@tunedbase/rule_periodic_k4/lam3.0/seed8_final.csv
LunarLander-v3@tunedbase,LunarLander-v3,rule_periodic_k4,3.0,9,규칙(지문없음),-285.66942463024947,-231.96942463024948,17.9,1.0,70.14,100,0.0,0,results/raw/LunarLander-v3@tunedbase/rule_periodic_k4/lam3.0/seed9_final.csv
LunarLander-v3@tunedbase,LunarLander-v3,rule_periodic_k8,0.0,0,규칙(지문없음),-166.40537163293968,-166.40537163293968,9.39,1.0,71.77,100,0.0,0,results/raw/LunarLander-v3@tunedbase/rule_periodic_k8/lam0.0/seed0_final.csv
LunarLander-v3@tunedbase,LunarLander-v3,rule_periodic_k8,0.0,1,규칙(지문없음),-169.6198265717181,-169.6198265717181,9.23,1.0,70.36,100,0.001,0,results/raw/LunarLander-v3@tunedbase/rule_periodic_k8/lam0.0/seed1_final.csv
LunarLander-v3@tunedbase,LunarLander-v3,rule_periodic_k8,0.0,2,규칙(지문없음),-171.16919706073722,-171.16919706073722,9.3,1.0,71.34,100,0.0,0,results/raw/LunarLander-v3@tunedbase/rule_periodic_k8/lam0.0/seed2_final.csv
LunarLander-v3@tunedbase,LunarLander-v3,rule_periodic_k8,0.0,3,규칙(지문없음),-165.3756112329281,-165.3756112329281,9.23,1.0,70.23,100,0.0,0,results/raw/LunarLander-v3@tunedbase/rule_periodic_k8/lam0.0/seed3_final.csv
LunarLander-v3@tunedbase,LunarLander-v3,rule_periodic_k8,0.0,4,규칙(지문없음),-170.54451635428464,-170.54451635428464,9.18,1.0,69.85,100,0.001,0,results/raw/LunarLander-v3@tunedbase/rule_periodic_k8/lam0.0/seed4_final.csv
LunarLander-v3@tunedbase,LunarLander-v3,rule_periodic_k8,0.0,5,규칙(지문없음),-175.45086198913458,-175.45086198913458,9.15,1.0,69.8,100,0.0,0,results/raw/LunarLander-v3@tunedbase/rule_periodic_k8/lam0.0/seed5_final.csv
LunarLander-v3@tunedbase,LunarLander-v3,rule_periodic_k8,0.0,6,규칙(지문없음),-170.64047835138936,-170.64047835138936,9.33,1.0,70.44,100,0.0,0,results/raw/LunarLander-v3@tunedbase/rule_periodic_k8/lam0.0/seed6_final.csv
LunarLander-v3@tunedbase,LunarLander-v3,rule_periodic_k8,0.0,7,규칙(지문없음),-179.19220034843406,-179.19220034843406,9.25,1.0,70.44,100,0.0,0,results/raw/LunarLander-v3@tunedbase/rule_periodic_k8/lam0.0/seed7_final.csv
LunarLander-v3@tunedbase,LunarLander-v3,rule_periodic_k8,0.0,8,규칙(지문없음),-176.9967845132196,-176.9967845132196,9.21,1.0,70.6,100,0.0,0,results/raw/LunarLander-v3@tunedbase/rule_periodic_k8/lam0.0/seed8_final.csv
LunarLander-v3@tunedbase,LunarLander-v3,rule_periodic_k8,0.0,9,규칙(지문없음),-168.7869303534002,-168.7869303534002,9.23,1.0,70.43,100,0.0,0,results/raw/LunarLander-v3@tunedbase/rule_periodic_k8/lam0.0/seed9_final.csv
LunarLander-v3@tunedbase,LunarLander-v3,rule_periodic_k8,0.1,0,규칙(지문없음),-167.3443716329397,-166.40537163293968,9.39,1.0,71.77,100,0.0,0,results/raw/LunarLander-v3@tunedbase/rule_periodic_k8/lam0.1/seed0_final.csv
LunarLander-v3@tunedbase,LunarLander-v3,rule_periodic_k8,0.1,1,규칙(지문없음),-170.54282657171817,-169.6198265717181,9.23,1.0,70.36,100,0.002,0,results/raw/LunarLander-v3@tunedbase/rule_periodic_k8/lam0.1/seed1_final.csv
LunarLander-v3@tunedbase,LunarLander-v3,rule_periodic_k8,0.1,2,규칙(지문없음),-172.0991970607372,-171.16919706073722,9.3,1.0,71.34,100,0.0,0,results/raw/LunarLander-v3@tunedbase/rule_periodic_k8/lam0.1/seed2_final.csv
LunarLander-v3@tunedbase,LunarLander-v3,rule_periodic_k8,0.1,3,규칙(지문없음),-166.29861123292812,-165.3756112329281,9.23,1.0,70.23,100,0.0,0,results/raw/LunarLander-v3@tunedbase/rule_periodic_k8/lam0.1/seed3_final.csv
LunarLander-v3@tunedbase,LunarLander-v3,rule_periodic_k8,0.1,4,규칙(지문없음),-171.46251635428465,-170.54451635428464,9.18,1.0,69.85,100,0.0,0,results/raw/LunarLander-v3@tunedbase/rule_periodic_k8/lam0.1/seed4_final.csv
LunarLander-v3@tunedbase,LunarLander-v3,rule_periodic_k8,0.1,5,규칙(지문없음),-176.3658619891346,-175.45086198913458,9.15,1.0,69.8,100,0.0,0,results/raw/LunarLander-v3@tunedbase/rule_periodic_k8/lam0.1/seed5_final.csv
LunarLander-v3@tunedbase,LunarLander-v3,rule_periodic_k8,0.1,6,규칙(지문없음),-171.57347835138935,-170.64047835138936,9.33,1.0,70.44,100,0.0,0,results/raw/LunarLander-v3@tunedbase/rule_periodic_k8/lam0.1/seed6_final.csv
LunarLander-v3@tunedbase,LunarLander-v3,rule_periodic_k8,0.1,7,규칙(지문없음),-180.11720034843412,-179.19220034843406,9.25,1.0,70.44,100,0.0,0,results/raw/LunarLander-v3@tunedbase/rule_periodic_k8/lam0.1/seed7_final.csv
LunarLander-v3@tunedbase,LunarLander-v3,rule_periodic_k8,0.1,8,규칙(지문없음),-177.91778451321966,-176.9967845132196,9.21,1.0,70.6,100,0.0,0,results/raw/LunarLander-v3@tunedbase/rule_periodic_k8/lam0.1/seed8_final.csv
LunarLander-v3@tunedbase,LunarLander-v3,rule_periodic_k8,0.1,9,규칙(지문없음),-169.70993035340018,-168.7869303534002,9.23,1.0,70.43,100,0.0,0,results/raw/LunarLander-v3@tunedbase/rule_periodic_k8/lam0.1/seed9_final.csv
LunarLander-v3@tunedbase,LunarLander-v3,rule_periodic_k8,0.3,0,규칙(지문없음),-169.22237163293968,-166.40537163293968,9.39,1.0,71.77,100,0.0,0,results/raw/LunarLander-v3@tunedbase/rule_periodic_k8/lam0.3/seed0_final.csv
LunarLander-v3@tunedbase,LunarLander-v3,rule_periodic_k8,0.3,1,규칙(지문없음),-172.38882657171817,-169.6198265717181,9.23,1.0,70.36,100,0.0,0,results/raw/LunarLander-v3@tunedbase/rule_periodic_k8/lam0.3/seed1_final.csv
LunarLander-v3@tunedbase,LunarLander-v3,rule_periodic_k8,0.3,2,규칙(지문없음),-173.95919706073724,-171.16919706073722,9.3,1.0,71.34,100,0.0,0,results/raw/LunarLander-v3@tunedbase/rule_periodic_k8/lam0.3/seed2_final.csv
LunarLander-v3@tunedbase,LunarLander-v3,rule_periodic_k8,0.3,3,규칙(지문없음),-168.1446112329281,-165.3756112329281,9.23,1.0,70.23,100,0.0,0,results/raw/LunarLander-v3@tunedbase/rule_periodic_k8/lam0.3/seed3_final.csv
LunarLander-v3@tunedbase,LunarLander-v3,rule_periodic_k8,0.3,4,규칙(지문없음),-173.2985163542847,-170.54451635428464,9.18,1.0,69.85,100,0.0,0,results/raw/LunarLander-v3@tunedbase/rule_periodic_k8/lam0.3/seed4_final.csv
LunarLander-v3@tunedbase,LunarLander-v3,rule_periodic_k8,0.3,5,규칙(지문없음),-178.19586198913458,-175.45086198913458,9.15,1.0,69.8,100,0.0,0,results/raw/LunarLander-v3@tunedbase/rule_periodic_k8/lam0.3/seed5_final.csv
LunarLander-v3@tunedbase,LunarLander-v3,rule_periodic_k8,0.3,6,규칙(지문없음),-173.43947835138934,-170.64047835138936,9.33,1.0,70.44,100,0.001,0,results/raw/LunarLander-v3@tunedbase/rule_periodic_k8/lam0.3/seed6_final.csv
LunarLander-v3@tunedbase,LunarLander-v3,rule_periodic_k8,0.3,7,규칙(지문없음),-181.96720034843412,-179.19220034843406,9.25,1.0,70.44,100,0.0,0,results/raw/LunarLander-v3@tunedbase/rule_periodic_k8/lam0.3/seed7_final.csv
LunarLander-v3@tunedbase,LunarLander-v3,rule_periodic_k8,0.3,8,규칙(지문없음),-179.75978451321967,-176.9967845132196,9.21,1.0,70.6,100,0.0,0,results/raw/LunarLander-v3@tunedbase/rule_periodic_k8/lam0.3/seed8_final.csv
LunarLander-v3@tunedbase,LunarLander-v3,rule_periodic_k8,0.3,9,규칙(지문없음),-171.5559303534002,-168.7869303534002,9.23,1.0,70.43,100,0.0,0,results/raw/LunarLander-v3@tunedbase/rule_periodic_k8/lam0.3/seed9_final.csv
LunarLander-v3@tunedbase,LunarLander-v3,rule_periodic_k8,0.6,0,규칙(지문없음),-172.0393716329397,-166.40537163293968,9.39,1.0,71.77,100,0.0,0,results/raw/LunarLander-v3@tunedbase/rule_periodic_k8/lam0.6/seed0_final.csv
LunarLander-v3@tunedbase,LunarLander-v3,rule_periodic_k8,0.6,1,규칙(지문없음),-175.15782657171818,-169.6198265717181,9.23,1.0,70.36,100,0.0,0,results/raw/LunarLander-v3@tunedbase/rule_periodic_k8/lam0.6/seed1_final.csv
LunarLander-v3@tunedbase,LunarLander-v3,rule_periodic_k8,0.6,2,규칙(지문없음),-176.7491970607372,-171.16919706073722,9.3,1.0,71.34,100,0.0,0,results/raw/LunarLander-v3@tunedbase/rule_periodic_k8/lam0.6/seed2_final.csv
LunarLander-v3@tunedbase,LunarLander-v3,rule_periodic_k8,0.6,3,규칙(지문없음),-170.91361123292813,-165.3756112329281,9.23,1.0,70.23,100,0.003,0,results/raw/LunarLander-v3@tunedbase/rule_periodic_k8/lam0.6/seed3_final.csv
LunarLander-v3@tunedbase,LunarLander-v3,rule_periodic_k8,0.6,4,규칙(지문없음),-176.05251635428465,-170.54451635428464,9.18,1.0,69.85,100,0.0,0,results/raw/LunarLander-v3@tunedbase/rule_periodic_k8/lam0.6/seed4_final.csv
LunarLander-v3@tunedbase,LunarLander-v3,rule_periodic_k8,0.6,5,규칙(지문없음),-180.94086198913462,-175.45086198913458,9.15,1.0,69.8,100,0.0,0,results/raw/LunarLander-v3@tunedbase/rule_periodic_k8/lam0.6/seed5_final.csv
LunarLander-v3@tunedbase,LunarLander-v3,rule_periodic_k8,0.6,6,규칙(지문없음),-176.23847835138935,-170.64047835138936,9.33,1.0,70.44,100,0.0,0,results/raw/LunarLander-v3@tunedbase/rule_periodic_k8/lam0.6/seed6_final.csv
LunarLander-v3@tunedbase,LunarLander-v3,rule_periodic_k8,0.6,7,규칙(지문없음),-184.74220034843412,-179.19220034843406,9.25,1.0,70.44,100,0.0,0,results/raw/LunarLander-v3@tunedbase/rule_periodic_k8/lam0.6/seed7_final.csv
LunarLander-v3@tunedbase,LunarLander-v3,rule_periodic_k8,0.6,8,규칙(지문없음),-182.52278451321962,-176.9967845132196,9.21,1.0,70.6,100,0.0,0,results/raw/LunarLander-v3@tunedbase/rule_periodic_k8/lam0.6/seed8_final.csv
LunarLander-v3@tunedbase,LunarLander-v3,rule_periodic_k8,0.6,9,규칙(지문없음),-174.3249303534002,-168.7869303534002,9.23,1.0,70.43,100,0.002,0,results/raw/LunarLander-v3@tunedbase/rule_periodic_k8/lam0.6/seed9_final.csv
LunarLander-v3@tunedbase,LunarLander-v3,rule_periodic_k8,1.0,0,규칙(지문없음),-175.7953716329397,-166.40537163293968,9.39,1.0,71.77,100,0.0,0,results/raw/LunarLander-v3@tunedbase/rule_periodic_k8/lam1.0/seed0_final.csv
LunarLander-v3@tunedbase,LunarLander-v3,rule_periodic_k8,1.0,1,규칙(지문없음),-178.84982657171813,-169.6198265717181,9.23,1.0,70.36,100,0.001,0,results/raw/LunarLander-v3@tunedbase/rule_periodic_k8/lam1.0/seed1_final.csv
LunarLander-v3@tunedbase,LunarLander-v3,rule_periodic_k8,1.0,2,규칙(지문없음),-180.4691970607372,-171.16919706073722,9.3,1.0,71.34,100,0.0,0,results/raw/LunarLander-v3@tunedbase/rule_periodic_k8/lam1.0/seed2_final.csv
LunarLander-v3@tunedbase,LunarLander-v3,rule_periodic_k8,1.0,3,규칙(지문없음),-174.60561123292808,-165.3756112329281,9.23,1.0,70.23,100,0.0,0,results/raw/LunarLander-v3@tunedbase/rule_periodic_k8/lam1.0/seed3_final.csv
LunarLander-v3@tunedbase,LunarLander-v3,rule_periodic_k8,1.0,4,규칙(지문없음),-179.72451635428465,-170.54451635428464,9.18,1.0,69.85,100,0.0,0,results/raw/LunarLander-v3@tunedbase/rule_periodic_k8/lam1.0/seed4_final.csv
LunarLander-v3@tunedbase,LunarLander-v3,rule_periodic_k8,1.0,5,규칙(지문없음),-184.6008619891346,-175.45086198913458,9.15,1.0,69.8,100,0.0,0,results/raw/LunarLander-v3@tunedbase/rule_periodic_k8/lam1.0/seed5_final.csv
LunarLander-v3@tunedbase,LunarLander-v3,rule_periodic_k8,1.0,6,규칙(지문없음),-179.97047835138935,-170.64047835138936,9.33,1.0,70.44,100,0.0,0,results/raw/LunarLander-v3@tunedbase/rule_periodic_k8/lam1.0/seed6_final.csv
LunarLander-v3@tunedbase,LunarLander-v3,rule_periodic_k8,1.0,7,규칙(지문없음),-188.44220034843406,-179.19220034843406,9.25,1.0,70.44,100,0.0,0,results/raw/LunarLander-v3@tunedbase/rule_periodic_k8/lam1.0/seed7_final.csv
LunarLander-v3@tunedbase,LunarLander-v3,rule_periodic_k8,1.0,8,규칙(지문없음),-186.20678451321962,-176.9967845132196,9.21,1.0,70.6,100,0.0,0,results/raw/LunarLander-v3@tunedbase/rule_periodic_k8/lam1.0/seed8_final.csv
LunarLander-v3@tunedbase,LunarLander-v3,rule_periodic_k8,1.0,9,규칙(지문없음),-178.0169303534002,-168.7869303534002,9.23,1.0,70.43,100,0.0,0,results/raw/LunarLander-v3@tunedbase/rule_periodic_k8/lam1.0/seed9_final.csv
LunarLander-v3@tunedbase,LunarLander-v3,rule_periodic_k8,1.2,0,규칙(지문없음),-177.6733716329397,-166.40537163293968,9.39,1.0,71.77,100,0.001,0,results/raw/LunarLander-v3@tunedbase/rule_periodic_k8/lam1.2/seed0_final.csv
LunarLander-v3@tunedbase,LunarLander-v3,rule_periodic_k8,1.2,1,규칙(지문없음),-180.69582657171813,-169.6198265717181,9.23,1.0,70.36,100,0.0,0,results/raw/LunarLander-v3@tunedbase/rule_periodic_k8/lam1.2/seed1_final.csv
LunarLander-v3@tunedbase,LunarLander-v3,rule_periodic_k8,1.2,2,규칙(지문없음),-182.32919706073724,-171.16919706073722,9.3,1.0,71.34,100,0.0,0,results/raw/LunarLander-v3@tunedbase/rule_periodic_k8/lam1.2/seed2_final.csv
LunarLander-v3@tunedbase,LunarLander-v3,rule_periodic_k8,1.2,3,규칙(지문없음),-176.4516112329281,-165.3756112329281,9.23,1.0,70.23,100,0.0,0,results/raw/LunarLander-v3@tunedbase/rule_periodic_k8/lam1.2/seed3_final.csv
LunarLander-v3@tunedbase,LunarLander-v3,rule_periodic_k8,1.2,4,규칙(지문없음),-181.5605163542847,-170.54451635428464,9.18,1.0,69.85,100,0.0,0,results/raw/LunarLander-v3@tunedbase/rule_periodic_k8/lam1.2/seed4_final.csv
LunarLander-v3@tunedbase,LunarLander-v3,rule_periodic_k8,1.2,5,규칙(지문없음),-186.43086198913457,-175.45086198913458,9.15,1.0,69.8,100,0.0,0,results/raw/LunarLander-v3@tunedbase/rule_periodic_k8/lam1.2/seed5_final.csv
LunarLander-v3@tunedbase,LunarLander-v3,rule_periodic_k8,1.2,6,규칙(지문없음),-181.83647835138933,-170.64047835138936,9.33,1.0,70.44,100,0.0,0,results/raw/LunarLander-v3@tunedbase/rule_periodic_k8/lam1.2/seed6_final.csv
LunarLander-v3@tunedbase,LunarLander-v3,rule_periodic_k8,1.2,7,규칙(지문없음),-190.29220034843408,-179.19220034843406,9.25,1.0,70.44,100,0.0,0,results/raw/LunarLander-v3@tunedbase/rule_periodic_k8/lam1.2/seed7_final.csv
LunarLander-v3@tunedbase,LunarLander-v3,rule_periodic_k8,1.2,8,규칙(지문없음),-188.04878451321966,-176.9967845132196,9.21,1.0,70.6,100,0.0,0,results/raw/LunarLander-v3@tunedbase/rule_periodic_k8/lam1.2/seed8_final.csv
LunarLander-v3@tunedbase,LunarLander-v3,rule_periodic_k8,1.2,9,규칙(지문없음),-179.86293035340015,-168.7869303534002,9.23,1.0,70.43,100,0.001,0,results/raw/LunarLander-v3@tunedbase/rule_periodic_k8/lam1.2/seed9_final.csv
LunarLander-v3@tunedbase,LunarLander-v3,rule_periodic_k8,1.37,0,규칙(지문없음),-179.2696716329397,-166.40537163293968,9.39,1.0,71.77,100,0.0,0,results/raw/LunarLander-v3@tunedbase/rule_periodic_k8/lam1.37/seed0_final.csv
LunarLander-v3@tunedbase,LunarLander-v3,rule_periodic_k8,1.37,1,규칙(지문없음),-182.26492657171818,-169.6198265717181,9.23,1.0,70.36,100,0.0,0,results/raw/LunarLander-v3@tunedbase/rule_periodic_k8/lam1.37/seed1_final.csv
LunarLander-v3@tunedbase,LunarLander-v3,rule_periodic_k8,1.37,2,규칙(지문없음),-183.9101970607372,-171.16919706073722,9.3,1.0,71.34,100,0.0,0,results/raw/LunarLander-v3@tunedbase/rule_periodic_k8/lam1.37/seed2_final.csv
LunarLander-v3@tunedbase,LunarLander-v3,rule_periodic_k8,1.37,3,규칙(지문없음),-178.0207112329281,-165.3756112329281,9.23,1.0,70.23,100,0.0,0,results/raw/LunarLander-v3@tunedbase/rule_periodic_k8/lam1.37/seed3_final.csv
LunarLander-v3@tunedbase,LunarLander-v3,rule_periodic_k8,1.37,4,규칙(지문없음),-183.12111635428465,-170.54451635428464,9.18,1.0,69.85,100,0.0,0,results/raw/LunarLander-v3@tunedbase/rule_periodic_k8/lam1.37/seed4_final.csv
LunarLander-v3@tunedbase,LunarLander-v3,rule_periodic_k8,1.37,5,규칙(지문없음),-187.98636198913456,-175.45086198913458,9.15,1.0,69.8,100,0.0,0,results/raw/LunarLander-v3@tunedbase/rule_periodic_k8/lam1.37/seed5_final.csv
LunarLander-v3@tunedbase,LunarLander-v3,rule_periodic_k8,1.37,6,규칙(지문없음),-183.42257835138935,-170.64047835138936,9.33,1.0,70.44,100,0.002,0,results/raw/LunarLander-v3@tunedbase/rule_periodic_k8/lam1.37/seed6_final.csv
LunarLander-v3@tunedbase,LunarLander-v3,rule_periodic_k8,1.37,7,규칙(지문없음),-191.8647003484341,-179.19220034843406,9.25,1.0,70.44,100,0.002,0,results/raw/LunarLander-v3@tunedbase/rule_periodic_k8/lam1.37/seed7_final.csv
LunarLander-v3@tunedbase,LunarLander-v3,rule_periodic_k8,1.37,8,규칙(지문없음),-189.61448451321965,-176.9967845132196,9.21,1.0,70.6,100,0.0,0,results/raw/LunarLander-v3@tunedbase/rule_periodic_k8/lam1.37/seed8_final.csv
LunarLander-v3@tunedbase,LunarLander-v3,rule_periodic_k8,1.37,9,규칙(지문없음),-181.43203035340022,-168.7869303534002,9.23,1.0,70.43,100,0.0,0,results/raw/LunarLander-v3@tunedbase/rule_periodic_k8/lam1.37/seed9_final.csv
LunarLander-v3@tunedbase,LunarLander-v3,rule_periodic_k8,1.6,0,규칙(지문없음),-181.4293716329397,-166.40537163293968,9.39,1.0,71.77,100,0.0,0,results/raw/LunarLander-v3@tunedbase/rule_periodic_k8/lam1.6/seed0_final.csv
LunarLander-v3@tunedbase,LunarLander-v3,rule_periodic_k8,1.6,1,규칙(지문없음),-184.38782657171816,-169.6198265717181,9.23,1.0,70.36,100,0.001,0,results/raw/LunarLander-v3@tunedbase/rule_periodic_k8/lam1.6/seed1_final.csv
LunarLander-v3@tunedbase,LunarLander-v3,rule_periodic_k8,1.6,2,규칙(지문없음),-186.0491970607372,-171.16919706073722,9.3,1.0,71.34,100,0.001,0,results/raw/LunarLander-v3@tunedbase/rule_periodic_k8/lam1.6/seed2_final.csv
LunarLander-v3@tunedbase,LunarLander-v3,rule_periodic_k8,1.6,3,규칙(지문없음),-180.14361123292812,-165.3756112329281,9.23,1.0,70.23,100,0.003,0,results/raw/LunarLander-v3@tunedbase/rule_periodic_k8/lam1.6/seed3_final.csv
LunarLander-v3@tunedbase,LunarLander-v3,rule_periodic_k8,1.6,4,규칙(지문없음),-185.23251635428463,-170.54451635428464,9.18,1.0,69.85,100,0.0,0,results/raw/LunarLander-v3@tunedbase/rule_periodic_k8/lam1.6/seed4_final.csv
LunarLander-v3@tunedbase,LunarLander-v3,rule_periodic_k8,1.6,5,규칙(지문없음),-190.09086198913462,-175.45086198913458,9.15,1.0,69.8,100,0.0,0,results/raw/LunarLander-v3@tunedbase/rule_periodic_k8/lam1.6/seed5_final.csv
LunarLander-v3@tunedbase,LunarLander-v3,rule_periodic_k8,1.6,6,규칙(지문없음),-185.5684783513893,-170.64047835138936,9.33,1.0,70.44,100,0.0,0,results/raw/LunarLander-v3@tunedbase/rule_periodic_k8/lam1.6/seed6_final.csv
LunarLander-v3@tunedbase,LunarLander-v3,rule_periodic_k8,1.6,7,규칙(지문없음),-193.99220034843412,-179.19220034843406,9.25,1.0,70.44,100,0.0,0,results/raw/LunarLander-v3@tunedbase/rule_periodic_k8/lam1.6/seed7_final.csv
LunarLander-v3@tunedbase,LunarLander-v3,rule_periodic_k8,1.6,8,규칙(지문없음),-191.73278451321963,-176.9967845132196,9.21,1.0,70.6,100,0.0,0,results/raw/LunarLander-v3@tunedbase/rule_periodic_k8/lam1.6/seed8_final.csv
LunarLander-v3@tunedbase,LunarLander-v3,rule_periodic_k8,1.6,9,규칙(지문없음),-183.5549303534002,-168.7869303534002,9.23,1.0,70.43,100,0.0,0,results/raw/LunarLander-v3@tunedbase/rule_periodic_k8/lam1.6/seed9_final.csv
LunarLander-v3@tunedbase,LunarLander-v3,rule_periodic_k8,1.8,0,규칙(지문없음),-183.3073716329397,-166.40537163293968,9.39,1.0,71.77,100,0.0,0,results/raw/LunarLander-v3@tunedbase/rule_periodic_k8/lam1.8/seed0_final.csv
LunarLander-v3@tunedbase,LunarLander-v3,rule_periodic_k8,1.8,1,규칙(지문없음),-186.23382657171817,-169.6198265717181,9.23,1.0,70.36,100,0.0,0,results/raw/LunarLander-v3@tunedbase/rule_periodic_k8/lam1.8/seed1_final.csv
LunarLander-v3@tunedbase,LunarLander-v3,rule_periodic_k8,1.8,2,규칙(지문없음),-187.9091970607372,-171.16919706073722,9.3,1.0,71.34,100,0.0,0,results/raw/LunarLander-v3@tunedbase/rule_periodic_k8/lam1.8/seed2_final.csv
LunarLander-v3@tunedbase,LunarLander-v3,rule_periodic_k8,1.8,3,규칙(지문없음),-181.98961123292816,-165.3756112329281,9.23,1.0,70.23,100,0.0,0,results/raw/LunarLander-v3@tunedbase/rule_periodic_k8/lam1.8/seed3_final.csv
LunarLander-v3@tunedbase,LunarLander-v3,rule_periodic_k8,1.8,4,규칙(지문없음),-187.0685163542847,-170.54451635428464,9.18,1.0,69.85,100,0.0,0,results/raw/LunarLander-v3@tunedbase/rule_periodic_k8/lam1.8/seed4_final.csv
LunarLander-v3@tunedbase,LunarLander-v3,rule_periodic_k8,1.8,5,규칙(지문없음),-191.92086198913458,-175.45086198913458,9.15,1.0,69.8,100,0.0,0,results/raw/LunarLander-v3@tunedbase/rule_periodic_k8/lam1.8/seed5_final.csv
LunarLander-v3@tunedbase,LunarLander-v3,rule_periodic_k8,1.8,6,규칙(지문없음),-187.43447835138934,-170.64047835138936,9.33,1.0,70.44,100,0.0,0,results/raw/LunarLander-v3@tunedbase/rule_periodic_k8/lam1.8/seed6_final.csv
LunarLander-v3@tunedbase,LunarLander-v3,rule_periodic_k8,1.8,7,규칙(지문없음),-195.84220034843412,-179.19220034843406,9.25,1.0,70.44,100,0.0,0,results/raw/LunarLander-v3@tunedbase/rule_periodic_k8/lam1.8/seed7_final.csv
LunarLander-v3@tunedbase,LunarLander-v3,rule_periodic_k8,1.8,8,규칙(지문없음),-193.57478451321967,-176.9967845132196,9.21,1.0,70.6,100,0.001,0,results/raw/LunarLander-v3@tunedbase/rule_periodic_k8/lam1.8/seed8_final.csv
LunarLander-v3@tunedbase,LunarLander-v3,rule_periodic_k8,1.8,9,규칙(지문없음),-185.4009303534002,-168.7869303534002,9.23,1.0,70.43,100,0.0,0,results/raw/LunarLander-v3@tunedbase/rule_periodic_k8/lam1.8/seed9_final.csv
LunarLander-v3@tunedbase,LunarLander-v3,rule_periodic_k8,2.0,0,규칙(지문없음),-185.18537163293968,-166.40537163293968,9.39,1.0,71.77,100,0.0,0,results/raw/LunarLander-v3@tunedbase/rule_periodic_k8/lam2.0/seed0_final.csv
LunarLander-v3@tunedbase,LunarLander-v3,rule_periodic_k8,2.0,1,규칙(지문없음),-188.07982657171812,-169.6198265717181,9.23,1.0,70.36,100,0.0,0,results/raw/LunarLander-v3@tunedbase/rule_periodic_k8/lam2.0/seed1_final.csv
LunarLander-v3@tunedbase,LunarLander-v3,rule_periodic_k8,2.0,2,규칙(지문없음),-189.7691970607372,-171.16919706073722,9.3,1.0,71.34,100,0.0,0,results/raw/LunarLander-v3@tunedbase/rule_periodic_k8/lam2.0/seed2_final.csv
LunarLander-v3@tunedbase,LunarLander-v3,rule_periodic_k8,2.0,3,규칙(지문없음),-183.8356112329281,-165.3756112329281,9.23,1.0,70.23,100,0.0,0,results/raw/LunarLander-v3@tunedbase/rule_periodic_k8/lam2.0/seed3_final.csv
LunarLander-v3@tunedbase,LunarLander-v3,rule_periodic_k8,2.0,4,규칙(지문없음),-188.90451635428465,-170.54451635428464,9.18,1.0,69.85,100,0.0,0,results/raw/LunarLander-v3@tunedbase/rule_periodic_k8/lam2.0/seed4_final.csv
LunarLander-v3@tunedbase,LunarLander-v3,rule_periodic_k8,2.0,5,규칙(지문없음),-193.75086198913462,-175.45086198913458,9.15,1.0,69.8,100,0.0,0,results/raw/LunarLander-v3@tunedbase/rule_periodic_k8/lam2.0/seed5_final.csv
LunarLander-v3@tunedbase,LunarLander-v3,rule_periodic_k8,2.0,6,규칙(지문없음),-189.30047835138936,-170.64047835138936,9.33,1.0,70.44,100,0.0,0,results/raw/LunarLander-v3@tunedbase/rule_periodic_k8/lam2.0/seed6_final.csv
LunarLander-v3@tunedbase,LunarLander-v3,rule_periodic_k8,2.0,7,규칙(지문없음),-197.69220034843406,-179.19220034843406,9.25,1.0,70.44,100,0.0,0,results/raw/LunarLander-v3@tunedbase/rule_periodic_k8/lam2.0/seed7_final.csv
LunarLander-v3@tunedbase,LunarLander-v3,rule_periodic_k8,2.0,8,규칙(지문없음),-195.4167845132196,-176.9967845132196,9.21,1.0,70.6,100,0.0,0,results/raw/LunarLander-v3@tunedbase/rule_periodic_k8/lam2.0/seed8_final.csv
LunarLander-v3@tunedbase,LunarLander-v3,rule_periodic_k8,2.0,9,규칙(지문없음),-187.24693035340022,-168.7869303534002,9.23,1.0,70.43,100,0.0,0,results/raw/LunarLander-v3@tunedbase/rule_periodic_k8/lam2.0/seed9_final.csv
LunarLander-v3@tunedbase,LunarLander-v3,rule_periodic_k8,2.5,0,규칙(지문없음),-189.88037163293967,-166.40537163293968,9.39,1.0,71.77,100,0.0,0,results/raw/LunarLander-v3@tunedbase/rule_periodic_k8/lam2.5/seed0_final.csv
LunarLander-v3@tunedbase,LunarLander-v3,rule_periodic_k8,2.5,1,규칙(지문없음),-192.69482657171812,-169.6198265717181,9.23,1.0,70.36,100,0.0,0,results/raw/LunarLander-v3@tunedbase/rule_periodic_k8/lam2.5/seed1_final.csv
LunarLander-v3@tunedbase,LunarLander-v3,rule_periodic_k8,2.5,2,규칙(지문없음),-194.41919706073722,-171.16919706073722,9.3,1.0,71.34,100,0.0,0,results/raw/LunarLander-v3@tunedbase/rule_periodic_k8/lam2.5/seed2_final.csv
LunarLander-v3@tunedbase,LunarLander-v3,rule_periodic_k8,2.5,3,규칙(지문없음),-188.45061123292808,-165.3756112329281,9.23,1.0,70.23,100,0.004,0,results/raw/LunarLander-v3@tunedbase/rule_periodic_k8/lam2.5/seed3_final.csv
LunarLander-v3@tunedbase,LunarLander-v3,rule_periodic_k8,2.5,4,규칙(지문없음),-193.49451635428466,-170.54451635428464,9.18,1.0,69.85,100,0.0,0,results/raw/LunarLander-v3@tunedbase/rule_periodic_k8/lam2.5/seed4_final.csv
LunarLander-v3@tunedbase,LunarLander-v3,rule_periodic_k8,2.5,5,규칙(지문없음),-198.3258619891346,-175.45086198913458,9.15,1.0,69.8,100,0.0,0,results/raw/LunarLander-v3@tunedbase/rule_periodic_k8/lam2.5/seed5_final.csv
LunarLander-v3@tunedbase,LunarLander-v3,rule_periodic_k8,2.5,6,규칙(지문없음),-193.96547835138935,-170.64047835138936,9.33,1.0,70.44,100,0.001,0,results/raw/LunarLander-v3@tunedbase/rule_periodic_k8/lam2.5/seed6_final.csv
LunarLander-v3@tunedbase,LunarLander-v3,rule_periodic_k8,2.5,7,규칙(지문없음),-202.31720034843408,-179.19220034843406,9.25,1.0,70.44,100,0.0,0,results/raw/LunarLander-v3@tunedbase/rule_periodic_k8/lam2.5/seed7_final.csv
LunarLander-v3@tunedbase,LunarLander-v3,rule_periodic_k8,2.5,8,규칙(지문없음),-200.02178451321961,-176.9967845132196,9.21,1.0,70.6,100,0.0,0,results/raw/LunarLander-v3@tunedbase/rule_periodic_k8/lam2.5/seed8_final.csv
LunarLander-v3@tunedbase,LunarLander-v3,rule_periodic_k8,2.5,9,규칙(지문없음),-191.8619303534002,-168.7869303534002,9.23,1.0,70.43,100,0.0,0,results/raw/LunarLander-v3@tunedbase/rule_periodic_k8/lam2.5/seed9_final.csv
LunarLander-v3@tunedbase,LunarLander-v3,rule_periodic_k8,3.0,0,규칙(지문없음),-194.57537163293966,-166.40537163293968,9.39,1.0,71.77,100,0.0,0,results/raw/LunarLander-v3@tunedbase/rule_periodic_k8/lam3.0/seed0_final.csv
LunarLander-v3@tunedbase,LunarLander-v3,rule_periodic_k8,3.0,1,규칙(지문없음),-197.3098265717181,-169.6198265717181,9.23,1.0,70.36,100,0.0,0,results/raw/LunarLander-v3@tunedbase/rule_periodic_k8/lam3.0/seed1_final.csv
LunarLander-v3@tunedbase,LunarLander-v3,rule_periodic_k8,3.0,2,규칙(지문없음),-199.0691970607372,-171.16919706073722,9.3,1.0,71.34,100,0.0,0,results/raw/LunarLander-v3@tunedbase/rule_periodic_k8/lam3.0/seed2_final.csv
LunarLander-v3@tunedbase,LunarLander-v3,rule_periodic_k8,3.0,3,규칙(지문없음),-193.06561123292812,-165.3756112329281,9.23,1.0,70.23,100,0.0,0,results/raw/LunarLander-v3@tunedbase/rule_periodic_k8/lam3.0/seed3_final.csv
LunarLander-v3@tunedbase,LunarLander-v3,rule_periodic_k8,3.0,4,규칙(지문없음),-198.08451635428463,-170.54451635428464,9.18,1.0,69.85,100,0.0,0,results/raw/LunarLander-v3@tunedbase/rule_periodic_k8/lam3.0/seed4_final.csv
LunarLander-v3@tunedbase,LunarLander-v3,rule_periodic_k8,3.0,5,규칙(지문없음),-202.9008619891346,-175.45086198913458,9.15,1.0,69.8,100,0.0,0,results/raw/LunarLander-v3@tunedbase/rule_periodic_k8/lam3.0/seed5_final.csv
LunarLander-v3@tunedbase,LunarLander-v3,rule_periodic_k8,3.0,6,규칙(지문없음),-198.63047835138934,-170.64047835138936,9.33,1.0,70.44,100,0.004,0,results/raw/LunarLander-v3@tunedbase/rule_periodic_k8/lam3.0/seed6_final.csv
LunarLander-v3@tunedbase,LunarLander-v3,rule_periodic_k8,3.0,7,규칙(지문없음),-206.94220034843408,-179.19220034843406,9.25,1.0,70.44,100,0.0,0,results/raw/LunarLander-v3@tunedbase/rule_periodic_k8/lam3.0/seed7_final.csv
LunarLander-v3@tunedbase,LunarLander-v3,rule_periodic_k8,3.0,8,규칙(지문없음),-204.6267845132196,-176.9967845132196,9.21,1.0,70.6,100,0.0,0,results/raw/LunarLander-v3@tunedbase/rule_periodic_k8/lam3.0/seed8_final.csv
LunarLander-v3@tunedbase,LunarLander-v3,rule_periodic_k8,3.0,9,규칙(지문없음),-196.4769303534002,-168.7869303534002,9.23,1.0,70.43,100,0.0,0,results/raw/LunarLander-v3@tunedbase/rule_periodic_k8/lam3.0/seed9_final.csv
LunarLander-v3@tunedbase,LunarLander-v3,rule_threshold,0.0,0,규칙(지문없음),35.7236918027664,35.7236918027664,123.7,1.0,193.89,100,0.0,0,results/raw/LunarLander-v3@tunedbase/rule_threshold/lam0.0/seed0_final.csv
LunarLander-v3@tunedbase,LunarLander-v3,rule_threshold,0.0,1,규칙(지문없음),31.099235629019663,31.099235629019663,120.94,1.0,190.98,100,0.0,0,results/raw/LunarLander-v3@tunedbase/rule_threshold/lam0.0/seed1_final.csv
LunarLander-v3@tunedbase,LunarLander-v3,rule_threshold,0.0,2,규칙(지문없음),38.83507980982603,38.83507980982603,121.65,1.0,194.83,100,0.0,0,results/raw/LunarLander-v3@tunedbase/rule_threshold/lam0.0/seed2_final.csv
LunarLander-v3@tunedbase,LunarLander-v3,rule_threshold,0.0,3,규칙(지문없음),36.6359877892421,36.6359877892421,121.08,1.0,191.9,100,0.0,0,results/raw/LunarLander-v3@tunedbase/rule_threshold/lam0.0/seed3_final.csv
LunarLander-v3@tunedbase,LunarLander-v3,rule_threshold,0.0,4,규칙(지문없음),37.526265748104436,37.526265748104436,121.21,1.0,192.17,100,0.0,0,results/raw/LunarLander-v3@tunedbase/rule_threshold/lam0.0/seed4_final.csv
LunarLander-v3@tunedbase,LunarLander-v3,rule_threshold,0.0,5,규칙(지문없음),39.464540993514525,39.464540993514525,121.8,1.0,192.94,100,0.001,0,results/raw/LunarLander-v3@tunedbase/rule_threshold/lam0.0/seed5_final.csv
LunarLander-v3@tunedbase,LunarLander-v3,rule_threshold,0.0,6,규칙(지문없음),33.92595156758407,33.92595156758407,121.27,1.0,191.96,100,0.0,0,results/raw/LunarLander-v3@tunedbase/rule_threshold/lam0.0/seed6_final.csv
LunarLander-v3@tunedbase,LunarLander-v3,rule_threshold,0.0,7,규칙(지문없음),35.88524011654105,35.88524011654105,121.02,1.0,191.46,100,0.0,0,results/raw/LunarLander-v3@tunedbase/rule_threshold/lam0.0/seed7_final.csv
LunarLander-v3@tunedbase,LunarLander-v3,rule_threshold,0.0,8,규칙(지문없음),34.34775463676966,34.34775463676966,121.35,1.0,191.05,100,0.0,0,results/raw/LunarLander-v3@tunedbase/rule_threshold/lam0.0/seed8_final.csv
LunarLander-v3@tunedbase,LunarLander-v3,rule_threshold,0.0,9,규칙(지문없음),34.64481595264229,34.64481595264229,121.25,1.0,193.42,100,0.0,0,results/raw/LunarLander-v3@tunedbase/rule_threshold/lam0.0/seed9_final.csv
LunarLander-v3@tunedbase,LunarLander-v3,rule_threshold,0.1,0,규칙(지문없음),23.353691802766413,35.7236918027664,123.7,1.0,193.89,100,0.0,0,results/raw/LunarLander-v3@tunedbase/rule_threshold/lam0.1/seed0_final.csv
LunarLander-v3@tunedbase,LunarLander-v3,rule_threshold,0.1,1,규칙(지문없음),19.005235629019662,31.099235629019663,120.94,1.0,190.98,100,0.0,0,results/raw/LunarLander-v3@tunedbase/rule_threshold/lam0.1/seed1_final.csv
LunarLander-v3@tunedbase,LunarLander-v3,rule_threshold,0.1,2,규칙(지문없음),26.67007980982602,38.83507980982603,121.65,1.0,194.83,100,0.002,0,results/raw/LunarLander-v3@tunedbase/rule_threshold/lam0.1/seed2_final.csv
LunarLander-v3@tunedbase,LunarLander-v3,rule_threshold,0.1,3,규칙(지문없음),24.527987789242093,36.6359877892421,121.08,1.0,191.9,100,0.001,0,results/raw/LunarLander-v3@tunedbase/rule_threshold/lam0.1/seed3_final.csv
LunarLander-v3@tunedbase,LunarLander-v3,rule_threshold,0.1,4,규칙(지문없음),25.405265748104433,37.526265748104436,121.21,1.0,192.17,100,0.0,0,results/raw/LunarLander-v3@tunedbase/rule_threshold/lam0.1/seed4_final.csv
LunarLander-v3@tunedbase,LunarLander-v3,rule_threshold,0.1,5,규칙(지문없음),27.28454099351453,39.464540993514525,121.8,1.0,192.94,100,0.0,0,results/raw/LunarLander-v3@tunedbase/rule_threshold/lam0.1/seed5_final.csv
LunarLander-v3@tunedbase,LunarLander-v3,rule_threshold,0.1,6,규칙(지문없음),21.798951567584062,33.92595156758407,121.27,1.0,191.96,100,0.0,0,results/raw/LunarLander-v3@tunedbase/rule_threshold/lam0.1/seed6_final.csv
LunarLander-v3@tunedbase,LunarLander-v3,rule_threshold,0.1,7,규칙(지문없음),23.783240116541048,35.88524011654105,121.02,1.0,191.46,100,0.0,0,results/raw/LunarLander-v3@tunedbase/rule_threshold/lam0.1/seed7_final.csv
LunarLander-v3@tunedbase,LunarLander-v3,rule_threshold,0.1,8,규칙(지문없음),22.21275463676967,34.34775463676966,121.35,1.0,191.05,100,0.0,0,results/raw/LunarLander-v3@tunedbase/rule_threshold/lam0.1/seed8_final.csv
LunarLander-v3@tunedbase,LunarLander-v3,rule_threshold,0.1,9,규칙(지문없음),22.51981595264229,34.64481595264229,121.25,1.0,193.42,100,0.0,0,results/raw/LunarLander-v3@tunedbase/rule_threshold/lam0.1/seed9_final.csv
LunarLander-v3@tunedbase,LunarLander-v3,rule_threshold,0.3,0,규칙(지문없음),-1.3863081972335942,35.7236918027664,123.7,1.0,193.89,100,0.0,0,results/raw/LunarLander-v3@tunedbase/rule_threshold/lam0.3/seed0_final.csv
LunarLander-v3@tunedbase,LunarLander-v3,rule_threshold,0.3,1,규칙(지문없음),-5.182764370980338,31.099235629019663,120.94,1.0,190.98,100,0.0,0,results/raw/LunarLander-v3@tunedbase/rule_threshold/lam0.3/seed1_final.csv
LunarLander-v3@tunedbase,LunarLander-v3,rule_threshold,0.3,2,규칙(지문없음),2.340079809826024,38.83507980982603,121.65,1.0,194.83,100,0.0,0,results/raw/LunarLander-v3@tunedbase/rule_threshold/lam0.3/seed2_final.csv
LunarLander-v3@tunedbase,LunarLander-v3,rule_threshold,0.3,3,규칙(지문없음),0.311987789242097,36.6359877892421,121.08,1.0,191.9,100,0.0,0,results/raw/LunarLander-v3@tunedbase/rule_threshold/lam0.3/seed3_final.csv
LunarLander-v3@tunedbase,LunarLander-v3,rule_threshold,0.3,4,규칙(지문없음),1.1632657481044333,37.526265748104436,121.21,1.0,192.17,100,0.0,0,results/raw/LunarLander-v3@tunedbase/rule_threshold/lam0.3/seed4_final.csv
LunarLander-v3@tunedbase,LunarLander-v3,rule_threshold,0.3,5,규칙(지문없음),2.9245409935145306,39.464540993514525,121.8,1.0,192.94,100,0.002,0,results/raw/LunarLander-v3@tunedbase/rule_threshold/lam0.3/seed5_final.csv
LunarLander-v3@tunedbase,LunarLander-v3,rule_threshold,0.3,6,규칙(지문없음),-2.4550484324159316,33.92595156758407,121.27,1.0,191.96,100,0.0,0,results/raw/LunarLander-v3@tunedbase/rule_threshold/lam0.3/seed6_final.csv
LunarLander-v3@tunedbase,LunarLander-v3,rule_threshold,0.3,7,규칙(지문없음),-0.4207598834589538,35.88524011654105,121.02,1.0,191.46,100,0.0,0,results/raw/LunarLander-v3@tunedbase/rule_threshold/lam0.3/seed7_final.csv
LunarLander-v3@tunedbase,LunarLander-v3,rule_threshold,0.3,8,규칙(지문없음),-2.0572453632303382,34.34775463676966,121.35,1.0,191.05,100,0.0,0,results/raw/LunarLander-v3@tunedbase/rule_threshold/lam0.3/seed8_final.csv
LunarLander-v3@tunedbase,LunarLander-v3,rule_threshold,0.3,9,규칙(지문없음),-1.7301840473577081,34.64481595264229,121.25,1.0,193.42,100,0.0,0,results/raw/LunarLander-v3@tunedbase/rule_threshold/lam0.3/seed9_final.csv
LunarLander-v3@tunedbase,LunarLander-v3,rule_threshold,0.6,0,규칙(지문없음),-38.49630819723359,35.7236918027664,123.7,1.0,193.89,100,0.0,0,results/raw/LunarLander-v3@tunedbase/rule_threshold/lam0.6/seed0_final.csv
LunarLander-v3@tunedbase,LunarLander-v3,rule_threshold,0.6,1,규칙(지문없음),-41.46476437098034,31.099235629019663,120.94,1.0,190.98,100,0.0,0,results/raw/LunarLander-v3@tunedbase/rule_threshold/lam0.6/seed1_final.csv
LunarLander-v3@tunedbase,LunarLander-v3,rule_threshold,0.6,2,규칙(지문없음),-34.15492019017397,38.83507980982603,121.65,1.0,194.83,100,0.0,0,results/raw/LunarLander-v3@tunedbase/rule_threshold/lam0.6/seed2_final.csv
LunarLander-v3@tunedbase,LunarLander-v3,rule_threshold,0.6,3,규칙(지문없음),-36.01201221075791,36.6359877892421,121.08,1.0,191.9,100,0.001,0,results/raw/LunarLander-v3@tunedbase/rule_threshold/lam0.6/seed3_final.csv
LunarLander-v3@tunedbase,LunarLander-v3,rule_threshold,0.6,4,규칙(지문없음),-35.19973425189556,37.526265748104436,121.21,1.0,192.17,100,0.0,0,results/raw/LunarLander-v3@tunedbase/rule_threshold/lam0.6/seed4_final.csv
LunarLander-v3@tunedbase,LunarLander-v3,rule_threshold,0.6,5,규칙(지문없음),-33.615459006485466,39.464540993514525,121.8,1.0,192.94,100,0.0,0,results/raw/LunarLander-v3@tunedbase/rule_threshold/lam0.6/seed5_final.csv
LunarLander-v3@tunedbase,LunarLander-v3,rule_threshold,0.6,6,규칙(지문없음),-38.836048432415936,33.92595156758407,121.27,1.0,191.96,100,0.0,0,results/raw/LunarLander-v3@tunedbase/rule_threshold/lam0.6/seed6_final.csv
LunarLander-v3@tunedbase,LunarLander-v3,rule_threshold,0.6,7,규칙(지문없음),-36.726759883458946,35.88524011654105,121.02,1.0,191.46,100,0.0,0,results/raw/LunarLander-v3@tunedbase/rule_threshold/lam0.6/seed7_final.csv
LunarLander-v3@tunedbase,LunarLander-v3,rule_threshold,0.6,8,규칙(지문없음),-38.46224536323033,34.34775463676966,121.35,1.0,191.05,100,0.001,0,results/raw/LunarLander-v3@tunedbase/rule_threshold/lam0.6/seed8_final.csv
LunarLander-v3@tunedbase,LunarLander-v3,rule_threshold,0.6,9,규칙(지문없음),-38.1051840473577,34.64481595264229,121.25,1.0,193.42,100,0.0,0,results/raw/LunarLander-v3@tunedbase/rule_threshold/lam0.6/seed9_final.csv
LunarLander-v3@tunedbase,LunarLander-v3,rule_threshold,1.0,0,규칙(지문없음),-87.97630819723359,35.7236918027664,123.7,1.0,193.89,100,0.0,0,results/raw/LunarLander-v3@tunedbase/rule_threshold/lam1.0/seed0_final.csv
LunarLander-v3@tunedbase,LunarLander-v3,rule_threshold,1.0,1,규칙(지문없음),-89.84076437098037,31.099235629019663,120.94,1.0,190.98,100,0.0,0,results/raw/LunarLander-v3@tunedbase/rule_threshold/lam1.0/seed1_final.csv
LunarLander-v3@tunedbase,LunarLander-v3,rule_threshold,1.0,2,규칙(지문없음),-82.81492019017398,38.83507980982603,121.65,1.0,194.83,100,0.0,0,results/raw/LunarLander-v3@tunedbase/rule_threshold/lam1.0/seed2_final.csv
LunarLander-v3@tunedbase,LunarLander-v3,rule_threshold,1.0,3,규칙(지문없음),-84.4440122107579,36.6359877892421,121.08,1.0,191.9,100,0.0,0,results/raw/LunarLander-v3@tunedbase/rule_threshold/lam1.0/seed3_final.csv
LunarLander-v3@tunedbase,LunarLander-v3,rule_threshold,1.0,4,규칙(지문없음),-83.68373425189554,37.526265748104436,121.21,1.0,192.17,100,0.0,0,results/raw/LunarLander-v3@tunedbase/rule_threshold/lam1.0/seed4_final.csv
LunarLander-v3@tunedbase,LunarLander-v3,rule_threshold,1.0,5,규칙(지문없음),-82.33545900648546,39.464540993514525,121.8,1.0,192.94,100,0.0,0,results/raw/LunarLander-v3@tunedbase/rule_threshold/lam1.0/seed5_final.csv
LunarLander-v3@tunedbase,LunarLander-v3,rule_threshold,1.0,6,규칙(지문없음),-87.34404843241593,33.92595156758407,121.27,1.0,191.96,100,0.0,0,results/raw/LunarLander-v3@tunedbase/rule_threshold/lam1.0/seed6_final.csv
LunarLander-v3@tunedbase,LunarLander-v3,rule_threshold,1.0,7,규칙(지문없음),-85.13475988345895,35.88524011654105,121.02,1.0,191.46,100,0.0,0,results/raw/LunarLander-v3@tunedbase/rule_threshold/lam1.0/seed7_final.csv
LunarLander-v3@tunedbase,LunarLander-v3,rule_threshold,1.0,8,규칙(지문없음),-87.00224536323034,34.34775463676966,121.35,1.0,191.05,100,0.0,0,results/raw/LunarLander-v3@tunedbase/rule_threshold/lam1.0/seed8_final.csv
LunarLander-v3@tunedbase,LunarLander-v3,rule_threshold,1.0,9,규칙(지문없음),-86.60518404735771,34.64481595264229,121.25,1.0,193.42,100,0.0,0,results/raw/LunarLander-v3@tunedbase/rule_threshold/lam1.0/seed9_final.csv
LunarLander-v3@tunedbase,LunarLander-v3,rule_threshold,1.2,0,규칙(지문없음),-112.71630819723357,35.7236918027664,123.7,1.0,193.89,100,0.0,0,results/raw/LunarLander-v3@tunedbase/rule_threshold/lam1.2/seed0_final.csv
LunarLander-v3@tunedbase,LunarLander-v3,rule_threshold,1.2,1,규칙(지문없음),-114.02876437098035,31.099235629019663,120.94,1.0,190.98,100,0.0,0,results/raw/LunarLander-v3@tunedbase/rule_threshold/lam1.2/seed1_final.csv
LunarLander-v3@tunedbase,LunarLander-v3,rule_threshold,1.2,2,규칙(지문없음),-107.14492019017398,38.83507980982603,121.65,1.0,194.83,100,0.0,0,results/raw/LunarLander-v3@tunedbase/rule_threshold/lam1.2/seed2_final.csv
LunarLander-v3@tunedbase,LunarLander-v3,rule_threshold,1.2,3,규칙(지문없음),-108.6600122107579,36.6359877892421,121.08,1.0,191.9,100,0.0,0,results/raw/LunarLander-v3@tunedbase/rule_threshold/lam1.2/seed3_final.csv
LunarLander-v3@tunedbase,LunarLander-v3,rule_threshold,1.2,4,규칙(지문없음),-107.92573425189553,37.526265748104436,121.21,1.0,192.17,100,0.0,0,results/raw/LunarLander-v3@tunedbase/rule_threshold/lam1.2/seed4_final.csv
LunarLander-v3@tunedbase,LunarLander-v3,rule_threshold,1.2,5,규칙(지문없음),-106.69545900648545,39.464540993514525,121.8,1.0,192.94,100,0.0,0,results/raw/LunarLander-v3@tunedbase/rule_threshold/lam1.2/seed5_final.csv
LunarLander-v3@tunedbase,LunarLander-v3,rule_threshold,1.2,6,규칙(지문없음),-111.59804843241592,33.92595156758407,121.27,1.0,191.96,100,0.0,0,results/raw/LunarLander-v3@tunedbase/rule_threshold/lam1.2/seed6_final.csv
LunarLander-v3@tunedbase,LunarLander-v3,rule_threshold,1.2,7,규칙(지문없음),-109.33875988345895,35.88524011654105,121.02,1.0,191.46,100,0.0,0,results/raw/LunarLander-v3@tunedbase/rule_threshold/lam1.2/seed7_final.csv
LunarLander-v3@tunedbase,LunarLander-v3,rule_threshold,1.2,8,규칙(지문없음),-111.27224536323035,34.34775463676966,121.35,1.0,191.05,100,0.0,0,results/raw/LunarLander-v3@tunedbase/rule_threshold/lam1.2/seed8_final.csv
LunarLander-v3@tunedbase,LunarLander-v3,rule_threshold,1.2,9,규칙(지문없음),-110.85518404735772,34.64481595264229,121.25,1.0,193.42,100,0.0,0,results/raw/LunarLander-v3@tunedbase/rule_threshold/lam1.2/seed9_final.csv
LunarLander-v3@tunedbase,LunarLander-v3,rule_threshold,1.37,0,규칙(지문없음),-133.74530819723358,35.7236918027664,123.7,1.0,193.89,100,0.0,0,results/raw/LunarLander-v3@tunedbase/rule_threshold/lam1.37/seed0_final.csv
LunarLander-v3@tunedbase,LunarLander-v3,rule_threshold,1.37,1,규칙(지문없음),-134.58856437098035,31.099235629019663,120.94,1.0,190.98,100,0.001,0,results/raw/LunarLander-v3@tunedbase/rule_threshold/lam1.37/seed1_final.csv
LunarLander-v3@tunedbase,LunarLander-v3,rule_threshold,1.37,2,규칙(지문없음),-127.82542019017399,38.83507980982603,121.65,1.0,194.83,100,0.0,0,results/raw/LunarLander-v3@tunedbase/rule_threshold/lam1.37/seed2_final.csv
LunarLander-v3@tunedbase,LunarLander-v3,rule_threshold,1.37,3,규칙(지문없음),-129.24361221075793,36.6359877892421,121.08,1.0,191.9,100,0.0,0,results/raw/LunarLander-v3@tunedbase/rule_threshold/lam1.37/seed3_final.csv
LunarLander-v3@tunedbase,LunarLander-v3,rule_threshold,1.37,4,규칙(지문없음),-128.53143425189558,37.526265748104436,121.21,1.0,192.17,100,0.001,0,results/raw/LunarLander-v3@tunedbase/rule_threshold/lam1.37/seed4_final.csv
LunarLander-v3@tunedbase,LunarLander-v3,rule_threshold,1.37,5,규칙(지문없음),-127.4014590064855,39.464540993514525,121.8,1.0,192.94,100,0.0,0,results/raw/LunarLander-v3@tunedbase/rule_threshold/lam1.37/seed5_final.csv
LunarLander-v3@tunedbase,LunarLander-v3,rule_threshold,1.37,6,규칙(지문없음),-132.21394843241592,33.92595156758407,121.27,1.0,191.96,100,0.0,0,results/raw/LunarLander-v3@tunedbase/rule_threshold/lam1.37/seed6_final.csv
LunarLander-v3@tunedbase,LunarLander-v3,rule_threshold,1.37,7,규칙(지문없음),-129.91215988345894,35.88524011654105,121.02,1.0,191.46,100,0.001,0,results/raw/LunarLander-v3@tunedbase/rule_threshold/lam1.37/seed7_final.csv
LunarLander-v3@tunedbase,LunarLander-v3,rule_threshold,1.37,8,규칙(지문없음),-131.90174536323036,34.34775463676966,121.35,1.0,191.05,100,0.0,0,results/raw/LunarLander-v3@tunedbase/rule_threshold/lam1.37/seed8_final.csv
LunarLander-v3@tunedbase,LunarLander-v3,rule_threshold,1.37,9,규칙(지문없음),-131.46768404735772,34.64481595264229,121.25,1.0,193.42,100,0.001,0,results/raw/LunarLander-v3@tunedbase/rule_threshold/lam1.37/seed9_final.csv
LunarLander-v3@tunedbase,LunarLander-v3,rule_threshold,1.6,0,규칙(지문없음),-162.19630819723363,35.7236918027664,123.7,1.0,193.89,100,0.001,0,results/raw/LunarLander-v3@tunedbase/rule_threshold/lam1.6/seed0_final.csv
LunarLander-v3@tunedbase,LunarLander-v3,rule_threshold,1.6,1,규칙(지문없음),-162.40476437098033,31.099235629019663,120.94,1.0,190.98,100,0.0,0,results/raw/LunarLander-v3@tunedbase/rule_threshold/lam1.6/seed1_final.csv
LunarLander-v3@tunedbase,LunarLander-v3,rule_threshold,1.6,2,규칙(지문없음),-155.804920190174,38.83507980982603,121.65,1.0,194.83,100,0.0,0,results/raw/LunarLander-v3@tunedbase/rule_threshold/lam1.6/seed2_final.csv
LunarLander-v3@tunedbase,LunarLander-v3,rule_threshold,1.6,3,규칙(지문없음),-157.0920122107579,36.6359877892421,121.08,1.0,191.9,100,0.0,0,results/raw/LunarLander-v3@tunedbase/rule_threshold/lam1.6/seed3_final.csv
LunarLander-v3@tunedbase,LunarLander-v3,rule_threshold,1.6,4,규칙(지문없음),-156.4097342518956,37.526265748104436,121.21,1.0,192.17,100,0.0,0,results/raw/LunarLander-v3@tunedbase/rule_threshold/lam1.6/seed4_final.csv
LunarLander-v3@tunedbase,LunarLander-v3,rule_threshold,1.6,5,규칙(지문없음),-155.4154590064855,39.464540993514525,121.8,1.0,192.94,100,0.0,0,results/raw/LunarLander-v3@tunedbase/rule_threshold/lam1.6/seed5_final.csv
LunarLander-v3@tunedbase,LunarLander-v3,rule_threshold,1.6,6,규칙(지문없음),-160.10604843241595,33.92595156758407,121.27,1.0,191.96,100,0.0,0,results/raw/LunarLander-v3@tunedbase/rule_threshold/lam1.6/seed6_final.csv
LunarLander-v3@tunedbase,LunarLander-v3,rule_threshold,1.6,7,규칙(지문없음),-157.74675988345894,35.88524011654105,121.02,1.0,191.46,100,0.0,0,results/raw/LunarLander-v3@tunedbase/rule_threshold/lam1.6/seed7_final.csv
LunarLander-v3@tunedbase,LunarLander-v3,rule_threshold,1.6,8,규칙(지문없음),-159.81224536323032,34.34775463676966,121.35,1.0,191.05,100,0.001,0,results/raw/LunarLander-v3@tunedbase/rule_threshold/lam1.6/seed8_final.csv
LunarLander-v3@tunedbase,LunarLander-v3,rule_threshold,1.6,9,규칙(지문없음),-159.35518404735774,34.64481595264229,121.25,1.0,193.42,100,0.0,0,results/raw/LunarLander-v3@tunedbase/rule_threshold/lam1.6/seed9_final.csv
LunarLander-v3@tunedbase,LunarLander-v3,rule_threshold,1.8,0,규칙(지문없음),-186.9363081972336,35.7236918027664,123.7,1.0,193.89,100,0.0,0,results/raw/LunarLander-v3@tunedbase/rule_threshold/lam1.8/seed0_final.csv
LunarLander-v3@tunedbase,LunarLander-v3,rule_threshold,1.8,1,규칙(지문없음),-186.59276437098038,31.099235629019663,120.94,1.0,190.98,100,0.0,0,results/raw/LunarLander-v3@tunedbase/rule_threshold/lam1.8/seed1_final.csv
LunarLander-v3@tunedbase,LunarLander-v3,rule_threshold,1.8,2,규칙(지문없음),-180.13492019017403,38.83507980982603,121.65,1.0,194.83,100,0.0,0,results/raw/LunarLander-v3@tunedbase/rule_threshold/lam1.8/seed2_final.csv
LunarLander-v3@tunedbase,LunarLander-v3,rule_threshold,1.8,3,규칙(지문없음),-181.30801221075797,36.6359877892421,121.08,1.0,191.9,100,0.0,0,results/raw/LunarLander-v3@tunedbase/rule_threshold/lam1.8/seed3_final.csv
LunarLander-v3@tunedbase,LunarLander-v3,rule_threshold,1.8,4,규칙(지문없음),-180.65173425189553,37.526265748104436,121.21,1.0,192.17,100,0.0,0,results/raw/LunarLander-v3@tunedbase/rule_threshold/lam1.8/seed4_final.csv
LunarLander-v3@tunedbase,LunarLander-v3,rule_threshold,1.8,5,규칙(지문없음),-179.77545900648548,39.464540993514525,121.8,1.0,192.94,100,0.0,0,results/raw/LunarLander-v3@tunedbase/rule_threshold/lam1.8/seed5_final.csv
LunarLander-v3@tunedbase,LunarLander-v3,rule_threshold,1.8,6,규칙(지문없음),-184.3600484324159,33.92595156758407,121.27,1.0,191.96,100,0.0,0,results/raw/LunarLander-v3@tunedbase/rule_threshold/lam1.8/seed6_final.csv
LunarLander-v3@tunedbase,LunarLander-v3,rule_threshold,1.8,7,규칙(지문없음),-181.95075988345897,35.88524011654105,121.02,1.0,191.46,100,0.0,0,results/raw/LunarLander-v3@tunedbase/rule_threshold/lam1.8/seed7_final.csv
LunarLander-v3@tunedbase,LunarLander-v3,rule_threshold,1.8,8,규칙(지문없음),-184.08224536323036,34.34775463676966,121.35,1.0,191.05,100,0.0,0,results/raw/LunarLander-v3@tunedbase/rule_threshold/lam1.8/seed8_final.csv
LunarLander-v3@tunedbase,LunarLander-v3,rule_threshold,1.8,9,규칙(지문없음),-183.60518404735768,34.64481595264229,121.25,1.0,193.42,100,0.0,0,results/raw/LunarLander-v3@tunedbase/rule_threshold/lam1.8/seed9_final.csv
LunarLander-v3@tunedbase,LunarLander-v3,rule_threshold,2.0,0,규칙(지문없음),-211.67630819723362,35.7236918027664,123.7,1.0,193.89,100,0.0,0,results/raw/LunarLander-v3@tunedbase/rule_threshold/lam2.0/seed0_final.csv
LunarLander-v3@tunedbase,LunarLander-v3,rule_threshold,2.0,1,규칙(지문없음),-210.78076437098036,31.099235629019663,120.94,1.0,190.98,100,0.0,0,results/raw/LunarLander-v3@tunedbase/rule_threshold/lam2.0/seed1_final.csv
LunarLander-v3@tunedbase,LunarLander-v3,rule_threshold,2.0,2,규칙(지문없음),-204.46492019017398,38.83507980982603,121.65,1.0,194.83,100,0.0,0,results/raw/LunarLander-v3@tunedbase/rule_threshold/lam2.0/seed2_final.csv
LunarLander-v3@tunedbase,LunarLander-v3,rule_threshold,2.0,3,규칙(지문없음),-205.52401221075795,36.6359877892421,121.08,1.0,191.9,100,0.0,0,results/raw/LunarLander-v3@tunedbase/rule_threshold/lam2.0/seed3_final.csv
LunarLander-v3@tunedbase,LunarLander-v3,rule_threshold,2.0,4,규칙(지문없음),-204.89373425189558,37.526265748104436,121.21,1.0,192.17,100,0.001,0,results/raw/LunarLander-v3@tunedbase/rule_threshold/lam2.0/seed4_final.csv
LunarLander-v3@tunedbase,LunarLander-v3,rule_threshold,2.0,5,규칙(지문없음),-204.13545900648546,39.464540993514525,121.8,1.0,192.94,100,0.0,0,results/raw/LunarLander-v3@tunedbase/rule_threshold/lam2.0/seed5_final.csv
LunarLander-v3@tunedbase,LunarLander-v3,rule_threshold,2.0,6,규칙(지문없음),-208.61404843241587,33.92595156758407,121.27,1.0,191.96,100,0.001,0,results/raw/LunarLander-v3@tunedbase/rule_threshold/lam2.0/seed6_final.csv
LunarLander-v3@tunedbase,LunarLander-v3,rule_threshold,2.0,7,규칙(지문없음),-206.1547598834589,35.88524011654105,121.02,1.0,191.46,100,0.0,0,results/raw/LunarLander-v3@tunedbase/rule_threshold/lam2.0/seed7_final.csv
LunarLander-v3@tunedbase,LunarLander-v3,rule_threshold,2.0,8,규칙(지문없음),-208.3522453632303,34.34775463676966,121.35,1.0,191.05,100,0.0,0,results/raw/LunarLander-v3@tunedbase/rule_threshold/lam2.0/seed8_final.csv
LunarLander-v3@tunedbase,LunarLander-v3,rule_threshold,2.0,9,규칙(지문없음),-207.85518404735774,34.64481595264229,121.25,1.0,193.42,100,0.0,0,results/raw/LunarLander-v3@tunedbase/rule_threshold/lam2.0/seed9_final.csv
LunarLander-v3@tunedbase,LunarLander-v3,rule_threshold,2.5,0,규칙(지문없음),-273.5263081972336,35.7236918027664,123.7,1.0,193.89,100,0.0,0,results/raw/LunarLander-v3@tunedbase/rule_threshold/lam2.5/seed0_final.csv
LunarLander-v3@tunedbase,LunarLander-v3,rule_threshold,2.5,1,규칙(지문없음),-271.25076437098033,31.099235629019663,120.94,1.0,190.98,100,0.0,0,results/raw/LunarLander-v3@tunedbase/rule_threshold/lam2.5/seed1_final.csv
LunarLander-v3@tunedbase,LunarLander-v3,rule_threshold,2.5,2,규칙(지문없음),-265.289920190174,38.83507980982603,121.65,1.0,194.83,100,0.0,0,results/raw/LunarLander-v3@tunedbase/rule_threshold/lam2.5/seed2_final.csv
LunarLander-v3@tunedbase,LunarLander-v3,rule_threshold,2.5,3,규칙(지문없음),-266.06401221075794,36.6359877892421,121.08,1.0,191.9,100,0.0,0,results/raw/LunarLander-v3@tunedbase/rule_threshold/lam2.5/seed3_final.csv
LunarLander-v3@tunedbase,LunarLander-v3,rule_threshold,2.5,4,규칙(지문없음),-265.4987342518956,37.526265748104436,121.21,1.0,192.17,100,0.0,0,results/raw/LunarLander-v3@tunedbase/rule_threshold/lam2.5/seed4_final.csv
LunarLander-v3@tunedbase,LunarLander-v3,rule_threshold,2.5,5,규칙(지문없음),-265.0354590064855,39.464540993514525,121.8,1.0,192.94,100,0.0,0,results/raw/LunarLander-v3@tunedbase/rule_threshold/lam2.5/seed5_final.csv
LunarLander-v3@tunedbase,LunarLander-v3,rule_threshold,2.5,6,규칙(지문없음),-269.24904843241586,33.92595156758407,121.27,1.0,191.96,100,0.0,0,results/raw/LunarLander-v3@tunedbase/rule_threshold/lam2.5/seed6_final.csv
LunarLander-v3@tunedbase,LunarLander-v3,rule_threshold,2.5,7,규칙(지문없음),-266.6647598834589,35.88524011654105,121.02,1.0,191.46,100,0.0,0,results/raw/LunarLander-v3@tunedbase/rule_threshold/lam2.5/seed7_final.csv
LunarLander-v3@tunedbase,LunarLander-v3,rule_threshold,2.5,8,규칙(지문없음),-269.02724536323035,34.34775463676966,121.35,1.0,191.05,100,0.0,0,results/raw/LunarLander-v3@tunedbase/rule_threshold/lam2.5/seed8_final.csv
LunarLander-v3@tunedbase,LunarLander-v3,rule_threshold,2.5,9,규칙(지문없음),-268.48018404735774,34.64481595264229,121.25,1.0,193.42,100,0.0,0,results/raw/LunarLander-v3@tunedbase/rule_threshold/lam2.5/seed9_final.csv
LunarLander-v3@tunedbase,LunarLander-v3,rule_threshold,3.0,0,규칙(지문없음),-335.3763081972336,35.7236918027664,123.7,1.0,193.89,100,0.0,0,results/raw/LunarLander-v3@tunedbase/rule_threshold/lam3.0/seed0_final.csv
LunarLander-v3@tunedbase,LunarLander-v3,rule_threshold,3.0,1,규칙(지문없음),-331.7207643709803,31.099235629019663,120.94,1.0,190.98,100,0.0,0,results/raw/LunarLander-v3@tunedbase/rule_threshold/lam3.0/seed1_final.csv
LunarLander-v3@tunedbase,LunarLander-v3,rule_threshold,3.0,2,규칙(지문없음),-326.11492019017396,38.83507980982603,121.65,1.0,194.83,100,0.001,0,results/raw/LunarLander-v3@tunedbase/rule_threshold/lam3.0/seed2_final.csv
LunarLander-v3@tunedbase,LunarLander-v3,rule_threshold,3.0,3,규칙(지문없음),-326.60401221075796,36.6359877892421,121.08,1.0,191.9,100,0.0,0,results/raw/LunarLander-v3@tunedbase/rule_threshold/lam3.0/seed3_final.csv
LunarLander-v3@tunedbase,LunarLander-v3,rule_threshold,3.0,4,규칙(지문없음),-326.1037342518956,37.526265748104436,121.21,1.0,192.17,100,0.001,0,results/raw/LunarLander-v3@tunedbase/rule_threshold/lam3.0/seed4_final.csv
LunarLander-v3@tunedbase,LunarLander-v3,rule_threshold,3.0,5,규칙(지문없음),-325.9354590064855,39.464540993514525,121.8,1.0,192.94,100,0.0,0,results/raw/LunarLander-v3@tunedbase/rule_threshold/lam3.0/seed5_final.csv
LunarLander-v3@tunedbase,LunarLander-v3,rule_threshold,3.0,6,규칙(지문없음),-329.88404843241585,33.92595156758407,121.27,1.0,191.96,100,0.001,0,results/raw/LunarLander-v3@tunedbase/rule_threshold/lam3.0/seed6_final.csv
LunarLander-v3@tunedbase,LunarLander-v3,rule_threshold,3.0,7,규칙(지문없음),-327.17475988345893,35.88524011654105,121.02,1.0,191.46,100,0.0,0,results/raw/LunarLander-v3@tunedbase/rule_threshold/lam3.0/seed7_final.csv
LunarLander-v3@tunedbase,LunarLander-v3,rule_threshold,3.0,8,규칙(지문없음),-329.7022453632303,34.34775463676966,121.35,1.0,191.05,100,0.0,0,results/raw/LunarLander-v3@tunedbase/rule_threshold/lam3.0/seed8_final.csv
LunarLander-v3@tunedbase,LunarLander-v3,rule_threshold,3.0,9,규칙(지문없음),-329.10518404735774,34.64481595264229,121.25,1.0,193.42,100,0.0,0,results/raw/LunarLander-v3@tunedbase/rule_threshold/lam3.0/seed9_final.csv
LunarLander-v3@tunedbase,LunarLander-v3,rule_threshold_tuned,0.0,0,규칙(지문없음),167.48447263343044,167.48447263343044,169.64,0.98,290.98,100,0.0,0,results/raw/LunarLander-v3@tunedbase/rule_threshold_tuned/lam0.0/seed0_final.csv
LunarLander-v3@tunedbase,LunarLander-v3,rule_threshold_tuned,0.0,1,규칙(지문없음),163.22608440530746,163.22608440530746,156.71,1.0,270.22,100,0.0,0,results/raw/LunarLander-v3@tunedbase/rule_threshold_tuned/lam0.0/seed1_final.csv
LunarLander-v3@tunedbase,LunarLander-v3,rule_threshold_tuned,0.0,2,규칙(지문없음),172.79339899282263,172.79339899282263,174.96,0.98,304.84,100,0.0,0,results/raw/LunarLander-v3@tunedbase/rule_threshold_tuned/lam0.0/seed2_final.csv
LunarLander-v3@tunedbase,LunarLander-v3,rule_threshold_tuned,0.0,3,규칙(지문없음),170.61772067341454,170.61772067341454,159.53,1.0,275.66,100,0.0,0,results/raw/LunarLander-v3@tunedbase/rule_threshold_tuned/lam0.0/seed3_final.csv
LunarLander-v3@tunedbase,LunarLander-v3,rule_threshold_tuned,0.0,4,규칙(지문없음),154.07978474577757,154.07978474577757,162.46,0.98,276.14,100,0.0,0,results/raw/LunarLander-v3@tunedbase/rule_threshold_tuned/lam0.0/seed4_final.csv
LunarLander-v3@tunedbase,LunarLander-v3,rule_threshold_tuned,0.0,5,규칙(지문없음),163.49993473543788,163.49993473543788,163.75,0.98,281.23,100,0.0,0,results/raw/LunarLander-v3@tunedbase/rule_threshold_tuned/lam0.0/seed5_final.csv
LunarLander-v3@tunedbase,LunarLander-v3,rule_threshold_tuned,0.0,6,규칙(지문없음),150.4177969833151,150.4177969833151,160.65,1.0,274.03,100,0.0,0,results/raw/LunarLander-v3@tunedbase/rule_threshold_tuned/lam0.0/seed6_final.csv
LunarLander-v3@tunedbase,LunarLander-v3,rule_threshold_tuned,0.0,7,규칙(지문없음),165.09781796501665,165.09781796501665,159.72,0.99,275.29,100,0.0,0,results/raw/LunarLander-v3@tunedbase/rule_threshold_tuned/lam0.0/seed7_final.csv
LunarLander-v3@tunedbase,LunarLander-v3,rule_threshold_tuned,0.0,8,규칙(지문없음),156.89383843630742,156.89383843630742,152.74,1.0,260.61,100,0.0,0,results/raw/LunarLander-v3@tunedbase/rule_threshold_tuned/lam0.0/seed8_final.csv
LunarLander-v3@tunedbase,LunarLander-v3,rule_threshold_tuned,0.0,9,규칙(지문없음),157.44935152914408,157.44935152914408,167.72,0.98,289.97,100,0.0,0,results/raw/LunarLander-v3@tunedbase/rule_threshold_tuned/lam0.0/seed9_final.csv
LunarLander-v3@tunedbase,LunarLander-v3,rule_threshold_tuned,0.1,0,규칙(지문없음),150.52047263343042,167.48447263343044,169.64,0.98,290.98,100,0.0,0,results/raw/LunarLander-v3@tunedbase/rule_threshold_tuned/lam0.1/seed0_final.csv
LunarLander-v3@tunedbase,LunarLander-v3,rule_threshold_tuned,0.1,1,규칙(지문없음),147.55508440530744,163.22608440530746,156.71,1.0,270.22,100,0.0,0,results/raw/LunarLander-v3@tunedbase/rule_threshold_tuned/lam0.1/seed1_final.csv
LunarLander-v3@tunedbase,LunarLander-v3,rule_threshold_tuned,0.1,2,규칙(지문없음),155.29739899282262,172.79339899282263,174.96,0.98,304.84,100,0.0,0,results/raw/LunarLander-v3@tunedbase/rule_threshold_tuned/lam0.1/seed2_final.csv
LunarLander-v3@tunedbase,LunarLander-v3,rule_threshold_tuned,0.1,3,규칙(지문없음),154.66472067341456,170.61772067341454,159.53,1.0,275.66,100,0.0,0,results/raw/LunarLander-v3@tunedbase/rule_threshold_tuned/lam0.1/seed3_final.csv
LunarLander-v3@tunedbase,LunarLander-v3,rule_threshold_tuned,0.1,4,규칙(지문없음),137.83378474577756,154.07978474577757,162.46,0.98,276.14,100,0.001,0,results/raw/LunarLander-v3@tunedbase/rule_threshold_tuned/lam0.1/seed4_final.csv
LunarLander-v3@tunedbase,LunarLander-v3,rule_threshold_tuned,0.1,5,규칙(지문없음),147.12493473543785,163.49993473543788,163.75,0.98,281.23,100,0.0,0,results/raw/LunarLander-v3@tunedbase/rule_threshold_tuned/lam0.1/seed5_final.csv
LunarLander-v3@tunedbase,LunarLander-v3,rule_threshold_tuned,0.1,6,규칙(지문없음),134.3527969833151,150.4177969833151,160.65,1.0,274.03,100,0.0,0,results/raw/LunarLander-v3@tunedbase/rule_threshold_tuned/lam0.1/seed6_final.csv
LunarLander-v3@tunedbase,LunarLander-v3,rule_threshold_tuned,0.1,7,규칙(지문없음),149.12581796501664,165.09781796501665,159.72,0.99,275.29,100,0.0,0,results/raw/LunarLander-v3@tunedbase/rule_threshold_tuned/lam0.1/seed7_final.csv
LunarLander-v3@tunedbase,LunarLander-v3,rule_threshold_tuned,0.1,8,규칙(지문없음),141.61983843630745,156.89383843630742,152.74,1.0,260.61,100,0.0,0,results/raw/LunarLander-v3@tunedbase/rule_threshold_tuned/lam0.1/seed8_final.csv
LunarLander-v3@tunedbase,LunarLander-v3,rule_threshold_tuned,0.1,9,규칙(지문없음),140.67735152914406,157.44935152914408,167.72,0.98,289.97,100,0.0,0,results/raw/LunarLander-v3@tunedbase/rule_threshold_tuned/lam0.1/seed9_final.csv
LunarLander-v3@tunedbase,LunarLander-v3,rule_threshold_tuned,0.3,0,규칙(지문없음),116.59247263343042,167.48447263343044,169.64,0.98,290.98,100,0.0,0,results/raw/LunarLander-v3@tunedbase/rule_threshold_tuned/lam0.3/seed0_final.csv
LunarLander-v3@tunedbase,LunarLander-v3,rule_threshold_tuned,0.3,1,규칙(지문없음),116.21308440530744,163.22608440530746,156.71,1.0,270.22,100,0.0,0,results/raw/LunarLander-v3@tunedbase/rule_threshold_tuned/lam0.3/seed1_final.csv
LunarLander-v3@tunedbase,LunarLander-v3,rule_threshold_tuned,0.3,2,규칙(지문없음),120.30539899282262,172.79339899282263,174.96,0.98,304.84,100,0.0,0,results/raw/LunarLander-v3@tunedbase/rule_threshold_tuned/lam0.3/seed2_final.csv
LunarLander-v3@tunedbase,LunarLander-v3,rule_threshold_tuned,0.3,3,규칙(지문없음),122.75872067341456,170.61772067341454,159.53,1.0,275.66,100,0.0,0,results/raw/LunarLander-v3@tunedbase/rule_threshold_tuned/lam0.3/seed3_final.csv
LunarLander-v3@tunedbase,LunarLander-v3,rule_threshold_tuned,0.3,4,규칙(지문없음),105.34178474577757,154.07978474577757,162.46,0.98,276.14,100,0.0,0,results/raw/LunarLander-v3@tunedbase/rule_threshold_tuned/lam0.3/seed4_final.csv
LunarLander-v3@tunedbase,LunarLander-v3,rule_threshold_tuned,0.3,5,규칙(지문없음),114.37493473543786,163.49993473543788,163.75,0.98,281.23,100,0.0,0,results/raw/LunarLander-v3@tunedbase/rule_threshold_tuned/lam0.3/seed5_final.csv
LunarLander-v3@tunedbase,LunarLander-v3,rule_threshold_tuned,0.3,6,규칙(지문없음),102.22279698331509,150.4177969833151,160.65,1.0,274.03,100,0.0,0,results/raw/LunarLander-v3@tunedbase/rule_threshold_tuned/lam0.3/seed6_final.csv
LunarLander-v3@tunedbase,LunarLander-v3,rule_threshold_tuned,0.3,7,규칙(지문없음),117.18181796501662,165.09781796501665,159.72,0.99,275.29,100,0.0,0,results/raw/LunarLander-v3@tunedbase/rule_threshold_tuned/lam0.3/seed7_final.csv
LunarLander-v3@tunedbase,LunarLander-v3,rule_threshold_tuned,0.3,8,규칙(지문없음),111.07183843630744,156.89383843630742,152.74,1.0,260.61,100,0.0,0,results/raw/LunarLander-v3@tunedbase/rule_threshold_tuned/lam0.3/seed8_final.csv
LunarLander-v3@tunedbase,LunarLander-v3,rule_threshold_tuned,0.3,9,규칙(지문없음),107.1333515291441,157.44935152914408,167.72,0.98,289.97,100,0.001,0,results/raw/LunarLander-v3@tunedbase/rule_threshold_tuned/lam0.3/seed9_final.csv
LunarLander-v3@tunedbase,LunarLander-v3,rule_threshold_tuned,0.6,0,규칙(지문없음),65.70047263343045,167.48447263343044,169.64,0.98,290.98,100,0.0,0,results/raw/LunarLander-v3@tunedbase/rule_threshold_tuned/lam0.6/seed0_final.csv
LunarLander-v3@tunedbase,LunarLander-v3,rule_threshold_tuned,0.6,1,규칙(지문없음),69.20008440530745,163.22608440530746,156.71,1.0,270.22,100,0.0,0,results/raw/LunarLander-v3@tunedbase/rule_threshold_tuned/lam0.6/seed1_final.csv
LunarLander-v3@tunedbase,LunarLander-v3,rule_threshold_tuned,0.6,2,규칙(지문없음),67.8173989928226,172.79339899282263,174.96,0.98,304.84,100,0.0,0,results/raw/LunarLander-v3@tunedbase/rule_threshold_tuned/lam0.6/seed2_final.csv
LunarLander-v3@tunedbase,LunarLander-v3,rule_threshold_tuned,0.6,3,규칙(지문없음),74.89972067341454,170.61772067341454,159.53,1.0,275.66,100,0.0,0,results/raw/LunarLander-v3@tunedbase/rule_threshold_tuned/lam0.6/seed3_final.csv
LunarLander-v3@tunedbase,LunarLander-v3,rule_threshold_tuned,0.6,4,규칙(지문없음),56.603784745777574,154.07978474577757,162.46,0.98,276.14,100,0.0,0,results/raw/LunarLander-v3@tunedbase/rule_threshold_tuned/lam0.6/seed4_final.csv
LunarLander-v3@tunedbase,LunarLander-v3,rule_threshold_tuned,0.6,5,규칙(지문없음),65.24993473543788,163.49993473543788,163.75,0.98,281.23,100,0.0,0,results/raw/LunarLander-v3@tunedbase/rule_threshold_tuned/lam0.6/seed5_final.csv
LunarLander-v3@tunedbase,LunarLander-v3,rule_threshold_tuned,0.6,6,규칙(지문없음),54.027796983315085,150.4177969833151,160.65,1.0,274.03,100,0.0,0,results/raw/LunarLander-v3@tunedbase/rule_threshold_tuned/lam0.6/seed6_final.csv
LunarLander-v3@tunedbase,LunarLander-v3,rule_threshold_tuned,0.6,7,규칙(지문없음),69.26581796501665,165.09781796501665,159.72,0.99,275.29,100,0.0,0,results/raw/LunarLander-v3@tunedbase/rule_threshold_tuned/lam0.6/seed7_final.csv
LunarLander-v3@tunedbase,LunarLander-v3,rule_threshold_tuned,0.6,8,규칙(지문없음),65.24983843630744,156.89383843630742,152.74,1.0,260.61,100,0.0,0,results/raw/LunarLander-v3@tunedbase/rule_threshold_tuned/lam0.6/seed8_final.csv
LunarLander-v3@tunedbase,LunarLander-v3,rule_threshold_tuned,0.6,9,규칙(지문없음),56.81735152914409,157.44935152914408,167.72,0.98,289.97,100,0.0,0,results/raw/LunarLander-v3@tunedbase/rule_threshold_tuned/lam0.6/seed9_final.csv
LunarLander-v3@tunedbase,LunarLander-v3,rule_threshold_tuned,1.0,0,규칙(지문없음),-2.1555273665695576,167.48447263343044,169.64,0.98,290.98,100,0.0,0,results/raw/LunarLander-v3@tunedbase/rule_threshold_tuned/lam1.0/seed0_final.csv
LunarLander-v3@tunedbase,LunarLander-v3,rule_threshold_tuned,1.0,1,규칙(지문없음),6.516084405307437,163.22608440530746,156.71,1.0,270.22,100,0.0,0,results/raw/LunarLander-v3@tunedbase/rule_threshold_tuned/lam1.0/seed1_final.csv
LunarLander-v3@tunedbase,LunarLander-v3,rule_threshold_tuned,1.0,2,규칙(지문없음),-2.166601007177387,172.79339899282263,174.96,0.98,304.84,100,0.002,0,results/raw/LunarLander-v3@tunedbase/rule_threshold_tuned/lam1.0/seed2_final.csv
LunarLander-v3@tunedbase,LunarLander-v3,rule_threshold_tuned,1.0,3,규칙(지문없음),11.087720673414536,170.61772067341454,159.53,1.0,275.66,100,0.001,0,results/raw/LunarLander-v3@tunedbase/rule_threshold_tuned/lam1.0/seed3_final.csv
LunarLander-v3@tunedbase,LunarLander-v3,rule_threshold_tuned,1.0,4,규칙(지문없음),-8.380215254222435,154.07978474577757,162.46,0.98,276.14,100,0.0,0,results/raw/LunarLander-v3@tunedbase/rule_threshold_tuned/lam1.0/seed4_final.csv
LunarLander-v3@tunedbase,LunarLander-v3,rule_threshold_tuned,1.0,5,규칙(지문없음),-0.2500652645621459,163.49993473543788,163.75,0.98,281.23,100,0.0,0,results/raw/LunarLander-v3@tunedbase/rule_threshold_tuned/lam1.0/seed5_final.csv
LunarLander-v3@tunedbase,LunarLander-v3,rule_threshold_tuned,1.0,6,규칙(지문없음),-10.232203016684899,150.4177969833151,160.65,1.0,274.03,100,0.0,0,results/raw/LunarLander-v3@tunedbase/rule_threshold_tuned/lam1.0/seed6_final.csv
LunarLander-v3@tunedbase,LunarLander-v3,rule_threshold_tuned,1.0,7,규칙(지문없음),5.3778179650166456,165.09781796501665,159.72,0.99,275.29,100,0.0,0,results/raw/LunarLander-v3@tunedbase/rule_threshold_tuned/lam1.0/seed7_final.csv
LunarLander-v3@tunedbase,LunarLander-v3,rule_threshold_tuned,1.0,8,규칙(지문없음),4.153838436307436,156.89383843630742,152.74,1.0,260.61,100,0.001,0,results/raw/LunarLander-v3@tunedbase/rule_threshold_tuned/lam1.0/seed8_final.csv
LunarLander-v3@tunedbase,LunarLander-v3,rule_threshold_tuned,1.0,9,규칙(지문없음),-10.27064847085591,157.44935152914408,167.72,0.98,289.97,100,0.0,0,results/raw/LunarLander-v3@tunedbase/rule_threshold_tuned/lam1.0/seed9_final.csv
LunarLander-v3@tunedbase,LunarLander-v3,rule_threshold_tuned,1.2,0,규칙(지문없음),-36.08352736656956,167.48447263343044,169.64,0.98,290.98,100,0.0,0,results/raw/LunarLander-v3@tunedbase/rule_threshold_tuned/lam1.2/seed0_final.csv
LunarLander-v3@tunedbase,LunarLander-v3,rule_threshold_tuned,1.2,1,규칙(지문없음),-24.82591559469256,163.22608440530746,156.71,1.0,270.22,100,0.0,0,results/raw/LunarLander-v3@tunedbase/rule_threshold_tuned/lam1.2/seed1_final.csv
LunarLander-v3@tunedbase,LunarLander-v3,rule_threshold_tuned,1.2,2,규칙(지문없음),-37.15860100717739,172.79339899282263,174.96,0.98,304.84,100,0.0,0,results/raw/LunarLander-v3@tunedbase/rule_threshold_tuned/lam1.2/seed2_final.csv
LunarLander-v3@tunedbase,LunarLander-v3,rule_threshold_tuned,1.2,3,규칙(지문없음),-20.81827932658546,170.61772067341454,159.53,1.0,275.66,100,0.0,0,results/raw/LunarLander-v3@tunedbase/rule_threshold_tuned/lam1.2/seed3_final.csv
LunarLander-v3@tunedbase,LunarLander-v3,rule_threshold_tuned,1.2,4,규칙(지문없음),-40.87221525422244,154.07978474577757,162.46,0.98,276.14,100,0.0,0,results/raw/LunarLander-v3@tunedbase/rule_threshold_tuned/lam1.2/seed4_final.csv
LunarLander-v3@tunedbase,LunarLander-v3,rule_threshold_tuned,1.2,5,규칙(지문없음),-33.000065264562146,163.49993473543788,163.75,0.98,281.23,100,0.0,0,results/raw/LunarLander-v3@tunedbase/rule_threshold_tuned/lam1.2/seed5_final.csv
LunarLander-v3@tunedbase,LunarLander-v3,rule_threshold_tuned,1.2,6,규칙(지문없음),-42.3622030166849,150.4177969833151,160.65,1.0,274.03,100,0.0,0,results/raw/LunarLander-v3@tunedbase/rule_threshold_tuned/lam1.2/seed6_final.csv
LunarLander-v3@tunedbase,LunarLander-v3,rule_threshold_tuned,1.2,7,규칙(지문없음),-26.56618203498335,165.09781796501665,159.72,0.99,275.29,100,0.001,0,results/raw/LunarLander-v3@tunedbase/rule_threshold_tuned/lam1.2/seed7_final.csv
LunarLander-v3@tunedbase,LunarLander-v3,rule_threshold_tuned,1.2,8,규칙(지문없음),-26.394161563692556,156.89383843630742,152.74,1.0,260.61,100,0.0,0,results/raw/LunarLander-v3@tunedbase/rule_threshold_tuned/lam1.2/seed8_final.csv
LunarLander-v3@tunedbase,LunarLander-v3,rule_threshold_tuned,1.2,9,규칙(지문없음),-43.81464847085591,157.44935152914408,167.72,0.98,289.97,100,0.0,0,results/raw/LunarLander-v3@tunedbase/rule_threshold_tuned/lam1.2/seed9_final.csv
LunarLander-v3@tunedbase,LunarLander-v3,rule_threshold_tuned,1.37,0,규칙(지문없음),-64.92232736656959,167.48447263343044,169.64,0.98,290.98,100,0.0,0,results/raw/LunarLander-v3@tunedbase/rule_threshold_tuned/lam1.37/seed0_final.csv
LunarLander-v3@tunedbase,LunarLander-v3,rule_threshold_tuned,1.37,1,규칙(지문없음),-51.46661559469258,163.22608440530746,156.71,1.0,270.22,100,0.0,0,results/raw/LunarLander-v3@tunedbase/rule_threshold_tuned/lam1.37/seed1_final.csv
LunarLander-v3@tunedbase,LunarLander-v3,rule_threshold_tuned,1.37,2,규칙(지문없음),-66.90180100717741,172.79339899282263,174.96,0.98,304.84,100,0.0,0,results/raw/LunarLander-v3@tunedbase/rule_threshold_tuned/lam1.37/seed2_final.csv
LunarLander-v3@tunedbase,LunarLander-v3,rule_threshold_tuned,1.37,3,규칙(지문없음),-47.93837932658548,170.61772067341454,159.53,1.0,275.66,100,0.0,0,results/raw/LunarLander-v3@tunedbase/rule_threshold_tuned/lam1.37/seed3_final.csv
LunarLander-v3@tunedbase,LunarLander-v3,rule_threshold_tuned,1.37,4,규칙(지문없음),-68.49041525422246,154.07978474577757,162.46,0.98,276.14,100,0.0,0,results/raw/LunarLander-v3@tunedbase/rule_threshold_tuned/lam1.37/seed4_final.csv
LunarLander-v3@tunedbase,LunarLander-v3,rule_threshold_tuned,1.37,5,규칙(지문없음),-60.83756526456215,163.49993473543788,163.75,0.98,281.23,100,0.0,0,results/raw/LunarLander-v3@tunedbase/rule_threshold_tuned/lam1.37/seed5_final.csv
LunarLander-v3@tunedbase,LunarLander-v3,rule_threshold_tuned,1.37,6,규칙(지문없음),-69.67270301668492,150.4177969833151,160.65,1.0,274.03,100,0.0,0,results/raw/LunarLander-v3@tunedbase/rule_threshold_tuned/lam1.37/seed6_final.csv
LunarLander-v3@tunedbase,LunarLander-v3,rule_threshold_tuned,1.37,7,규칙(지문없음),-53.718582034983356,165.09781796501665,159.72,0.99,275.29,100,0.001,0,results/raw/LunarLander-v3@tunedbase/rule_threshold_tuned/lam1.37/seed7_final.csv
LunarLander-v3@tunedbase,LunarLander-v3,rule_threshold_tuned,1.37,8,규칙(지문없음),-52.359961563692565,156.89383843630742,152.74,1.0,260.61,100,0.0,0,results/raw/LunarLander-v3@tunedbase/rule_threshold_tuned/lam1.37/seed8_final.csv
LunarLander-v3@tunedbase,LunarLander-v3,rule_threshold_tuned,1.37,9,규칙(지문없음),-72.32704847085593,157.44935152914408,167.72,0.98,289.97,100,0.0,0,results/raw/LunarLander-v3@tunedbase/rule_threshold_tuned/lam1.37/seed9_final.csv
LunarLander-v3@tunedbase,LunarLander-v3,rule_threshold_tuned,1.6,0,규칙(지문없음),-103.93952736656958,167.48447263343044,169.64,0.98,290.98,100,0.0,0,results/raw/LunarLander-v3@tunedbase/rule_threshold_tuned/lam1.6/seed0_final.csv
LunarLander-v3@tunedbase,LunarLander-v3,rule_threshold_tuned,1.6,1,규칙(지문없음),-87.50991559469256,163.22608440530746,156.71,1.0,270.22,100,0.0,0,results/raw/LunarLander-v3@tunedbase/rule_threshold_tuned/lam1.6/seed1_final.csv
LunarLander-v3@tunedbase,LunarLander-v3,rule_threshold_tuned,1.6,2,규칙(지문없음),-107.1426010071774,172.79339899282263,174.96,0.98,304.84,100,0.0,0,results/raw/LunarLander-v3@tunedbase/rule_threshold_tuned/lam1.6/seed2_final.csv
LunarLander-v3@tunedbase,LunarLander-v3,rule_threshold_tuned,1.6,3,규칙(지문없음),-84.63027932658547,170.61772067341454,159.53,1.0,275.66,100,0.0,0,results/raw/LunarLander-v3@tunedbase/rule_threshold_tuned/lam1.6/seed3_final.csv
LunarLander-v3@tunedbase,LunarLander-v3,rule_threshold_tuned,1.6,4,규칙(지문없음),-105.85621525422245,154.07978474577757,162.46,0.98,276.14,100,0.0,0,results/raw/LunarLander-v3@tunedbase/rule_threshold_tuned/lam1.6/seed4_final.csv
LunarLander-v3@tunedbase,LunarLander-v3,rule_threshold_tuned,1.6,5,규칙(지문없음),-98.50006526456217,163.49993473543788,163.75,0.98,281.23,100,0.0,0,results/raw/LunarLander-v3@tunedbase/rule_threshold_tuned/lam1.6/seed5_final.csv
LunarLander-v3@tunedbase,LunarLander-v3,rule_threshold_tuned,1.6,6,규칙(지문없음),-106.62220301668489,150.4177969833151,160.65,1.0,274.03,100,0.0,0,results/raw/LunarLander-v3@tunedbase/rule_threshold_tuned/lam1.6/seed6_final.csv
LunarLander-v3@tunedbase,LunarLander-v3,rule_threshold_tuned,1.6,7,규칙(지문없음),-90.45418203498338,165.09781796501665,159.72,0.99,275.29,100,0.0,0,results/raw/LunarLander-v3@tunedbase/rule_threshold_tuned/lam1.6/seed7_final.csv
LunarLander-v3@tunedbase,LunarLander-v3,rule_threshold_tuned,1.6,8,규칙(지문없음),-87.49016156369257,156.89383843630742,152.74,1.0,260.61,100,0.0,0,results/raw/LunarLander-v3@tunedbase/rule_threshold_tuned/lam1.6/seed8_final.csv
LunarLander-v3@tunedbase,LunarLander-v3,rule_threshold_tuned,1.6,9,규칙(지문없음),-110.90264847085592,157.44935152914408,167.72,0.98,289.97,100,0.0,0,results/raw/LunarLander-v3@tunedbase/rule_threshold_tuned/lam1.6/seed9_final.csv
LunarLander-v3@tunedbase,LunarLander-v3,rule_threshold_tuned,1.8,0,규칙(지문없음),-137.86752736656956,167.48447263343044,169.64,0.98,290.98,100,0.0,0,results/raw/LunarLander-v3@tunedbase/rule_threshold_tuned/lam1.8/seed0_final.csv
LunarLander-v3@tunedbase,LunarLander-v3,rule_threshold_tuned,1.8,1,규칙(지문없음),-118.85191559469257,163.22608440530746,156.71,1.0,270.22,100,0.0,0,results/raw/LunarLander-v3@tunedbase/rule_threshold_tuned/lam1.8/seed1_final.csv
LunarLander-v3@tunedbase,LunarLander-v3,rule_threshold_tuned,1.8,2,규칙(지문없음),-142.1346010071774,172.79339899282263,174.96,0.98,304.84,100,0.0,0,results/raw/LunarLander-v3@tunedbase/rule_threshold_tuned/lam1.8/seed2_final.csv
LunarLander-v3@tunedbase,LunarLander-v3,rule_threshold_tuned,1.8,3,규칙(지문없음),-116.53627932658546,170.61772067341454,159.53,1.0,275.66,100,0.0,0,results/raw/LunarLander-v3@tunedbase/rule_threshold_tuned/lam1.8/seed3_final.csv
LunarLander-v3@tunedbase,LunarLander-v3,rule_threshold_tuned,1.8,4,규칙(지문없음),-138.34821525422242,154.07978474577757,162.46,0.98,276.14,100,0.0,0,results/raw/LunarLander-v3@tunedbase/rule_threshold_tuned/lam1.8/seed4_final.csv
LunarLander-v3@tunedbase,LunarLander-v3,rule_threshold_tuned,1.8,5,규칙(지문없음),-131.25006526456218,163.49993473543788,163.75,0.98,281.23,100,0.0,0,results/raw/LunarLander-v3@tunedbase/rule_threshold_tuned/lam1.8/seed5_final.csv
LunarLander-v3@tunedbase,LunarLander-v3,rule_threshold_tuned,1.8,6,규칙(지문없음),-138.75220301668494,150.4177969833151,160.65,1.0,274.03,100,0.0,0,results/raw/LunarLander-v3@tunedbase/rule_threshold_tuned/lam1.8/seed6_final.csv
LunarLander-v3@tunedbase,LunarLander-v3,rule_threshold_tuned,1.8,7,규칙(지문없음),-122.39818203498338,165.09781796501665,159.72,0.99,275.29,100,0.0,0,results/raw/LunarLander-v3@tunedbase/rule_threshold_tuned/lam1.8/seed7_final.csv
LunarLander-v3@tunedbase,LunarLander-v3,rule_threshold_tuned,1.8,8,규칙(지문없음),-118.03816156369255,156.89383843630742,152.74,1.0,260.61,100,0.0,0,results/raw/LunarLander-v3@tunedbase/rule_threshold_tuned/lam1.8/seed8_final.csv
LunarLander-v3@tunedbase,LunarLander-v3,rule_threshold_tuned,1.8,9,규칙(지문없음),-144.44664847085593,157.44935152914408,167.72,0.98,289.97,100,0.0,0,results/raw/LunarLander-v3@tunedbase/rule_threshold_tuned/lam1.8/seed9_final.csv
LunarLander-v3@tunedbase,LunarLander-v3,rule_threshold_tuned,2.0,0,규칙(지문없음),-171.79552736656956,167.48447263343044,169.64,0.98,290.98,100,0.0,0,results/raw/LunarLander-v3@tunedbase/rule_threshold_tuned/lam2.0/seed0_final.csv
LunarLander-v3@tunedbase,LunarLander-v3,rule_threshold_tuned,2.0,1,규칙(지문없음),-150.19391559469256,163.22608440530746,156.71,1.0,270.22,100,0.0,0,results/raw/LunarLander-v3@tunedbase/rule_threshold_tuned/lam2.0/seed1_final.csv
LunarLander-v3@tunedbase,LunarLander-v3,rule_threshold_tuned,2.0,2,규칙(지문없음),-177.12660100717738,172.79339899282263,174.96,0.98,304.84,100,0.0,0,results/raw/LunarLander-v3@tunedbase/rule_threshold_tuned/lam2.0/seed2_final.csv
LunarLander-v3@tunedbase,LunarLander-v3,rule_threshold_tuned,2.0,3,규칙(지문없음),-148.44227932658546,170.61772067341454,159.53,1.0,275.66,100,0.0,0,results/raw/LunarLander-v3@tunedbase/rule_threshold_tuned/lam2.0/seed3_final.csv
LunarLander-v3@tunedbase,LunarLander-v3,rule_threshold_tuned,2.0,4,규칙(지문없음),-170.84021525422241,154.07978474577757,162.46,0.98,276.14,100,0.0,0,results/raw/LunarLander-v3@tunedbase/rule_threshold_tuned/lam2.0/seed4_final.csv
LunarLander-v3@tunedbase,LunarLander-v3,rule_threshold_tuned,2.0,5,규칙(지문없음),-164.0000652645621,163.49993473543788,163.75,0.98,281.23,100,0.0,0,results/raw/LunarLander-v3@tunedbase/rule_threshold_tuned/lam2.0/seed5_final.csv
LunarLander-v3@tunedbase,LunarLander-v3,rule_threshold_tuned,2.0,6,규칙(지문없음),-170.8822030166849,150.4177969833151,160.65,1.0,274.03,100,0.0,0,results/raw/LunarLander-v3@tunedbase/rule_threshold_tuned/lam2.0/seed6_final.csv
LunarLander-v3@tunedbase,LunarLander-v3,rule_threshold_tuned,2.0,7,규칙(지문없음),-154.34218203498335,165.09781796501665,159.72,0.99,275.29,100,0.0,0,results/raw/LunarLander-v3@tunedbase/rule_threshold_tuned/lam2.0/seed7_final.csv
LunarLander-v3@tunedbase,LunarLander-v3,rule_threshold_tuned,2.0,8,규칙(지문없음),-148.58616156369257,156.89383843630742,152.74,1.0,260.61,100,0.0,0,results/raw/LunarLander-v3@tunedbase/rule_threshold_tuned/lam2.0/seed8_final.csv
LunarLander-v3@tunedbase,LunarLander-v3,rule_threshold_tuned,2.0,9,규칙(지문없음),-177.9906484708559,157.44935152914408,167.72,0.98,289.97,100,0.0,0,results/raw/LunarLander-v3@tunedbase/rule_threshold_tuned/lam2.0/seed9_final.csv
LunarLander-v3@tunedbase,LunarLander-v3,rule_threshold_tuned,2.5,0,규칙(지문없음),-256.61552736656955,167.48447263343044,169.64,0.98,290.98,100,0.0,0,results/raw/LunarLander-v3@tunedbase/rule_threshold_tuned/lam2.5/seed0_final.csv
LunarLander-v3@tunedbase,LunarLander-v3,rule_threshold_tuned,2.5,1,규칙(지문없음),-228.5489155946926,163.22608440530746,156.71,1.0,270.22,100,0.0,0,results/raw/LunarLander-v3@tunedbase/rule_threshold_tuned/lam2.5/seed1_final.csv
LunarLander-v3@tunedbase,LunarLander-v3,rule_threshold_tuned,2.5,2,규칙(지문없음),-264.60660100717735,172.79339899282263,174.96,0.98,304.84,100,0.0,0,results/raw/LunarLander-v3@tunedbase/rule_threshold_tuned/lam2.5/seed2_final.csv
LunarLander-v3@tunedbase,LunarLander-v3,rule_threshold_tuned,2.5,3,규칙(지문없음),-228.20727932658548,170.61772067341454,159.53,1.0,275.66,100,0.001,0,results/raw/LunarLander-v3@tunedbase/rule_threshold_tuned/lam2.5/seed3_final.csv
LunarLander-v3@tunedbase,LunarLander-v3,rule_threshold_tuned,2.5,4,규칙(지문없음),-252.07021525422243,154.07978474577757,162.46,0.98,276.14,100,0.0,0,results/raw/LunarLander-v3@tunedbase/rule_threshold_tuned/lam2.5/seed4_final.csv
LunarLander-v3@tunedbase,LunarLander-v3,rule_threshold_tuned,2.5,5,규칙(지문없음),-245.87506526456218,163.49993473543788,163.75,0.98,281.23,100,0.0,0,results/raw/LunarLander-v3@tunedbase/rule_threshold_tuned/lam2.5/seed5_final.csv
LunarLander-v3@tunedbase,LunarLander-v3,rule_threshold_tuned,2.5,6,규칙(지문없음),-251.20720301668496,150.4177969833151,160.65,1.0,274.03,100,0.001,0,results/raw/LunarLander-v3@tunedbase/rule_threshold_tuned/lam2.5/seed6_final.csv
LunarLander-v3@tunedbase,LunarLander-v3,rule_threshold_tuned,2.5,7,규칙(지문없음),-234.20218203498334,165.09781796501665,159.72,0.99,275.29,100,0.0,0,results/raw/LunarLander-v3@tunedbase/rule_threshold_tuned/lam2.5/seed7_final.csv
LunarLander-v3@tunedbase,LunarLander-v3,rule_threshold_tuned,2.5,8,규칙(지문없음),-224.95616156369255,156.89383843630742,152.74,1.0,260.61,100,0.001,0,results/raw/LunarLander-v3@tunedbase/rule_threshold_tuned/lam2.5/seed8_final.csv
LunarLander-v3@tunedbase,LunarLander-v3,rule_threshold_tuned,2.5,9,규칙(지문없음),-261.8506484708559,157.44935152914408,167.72,0.98,289.97,100,0.0,0,results/raw/LunarLander-v3@tunedbase/rule_threshold_tuned/lam2.5/seed9_final.csv
LunarLander-v3@tunedbase,LunarLander-v3,rule_threshold_tuned,3.0,0,규칙(지문없음),-341.4355273665696,167.48447263343044,169.64,0.98,290.98,100,0.0,0,results/raw/LunarLander-v3@tunedbase/rule_threshold_tuned/lam3.0/seed0_final.csv
LunarLander-v3@tunedbase,LunarLander-v3,rule_threshold_tuned,3.0,1,규칙(지문없음),-306.9039155946926,163.22608440530746,156.71,1.0,270.22,100,0.0,0,results/raw/LunarLander-v3@tunedbase/rule_threshold_tuned/lam3.0/seed1_final.csv
LunarLander-v3@tunedbase,LunarLander-v3,rule_threshold_tuned,3.0,2,규칙(지문없음),-352.08660100717736,172.79339899282263,174.96,0.98,304.84,100,0.002,0,results/raw/LunarLander-v3@tunedbase/rule_threshold_tuned/lam3.0/seed2_final.csv
LunarLander-v3@tunedbase,LunarLander-v3,rule_threshold_tuned,3.0,3,규칙(지문없음),-307.97227932658546,170.61772067341454,159.53,1.0,275.66,100,0.0,0,results/raw/LunarLander-v3@tunedbase/rule_threshold_tuned/lam3.0/seed3_final.csv
LunarLander-v3@tunedbase,LunarLander-v3,rule_threshold_tuned,3.0,4,규칙(지문없음),-333.3002152542224,154.07978474577757,162.46,0.98,276.14,100,0.001,0,results/raw/LunarLander-v3@tunedbase/rule_threshold_tuned/lam3.0/seed4_final.csv
LunarLander-v3@tunedbase,LunarLander-v3,rule_threshold_tuned,3.0,5,규칙(지문없음),-327.7500652645621,163.49993473543788,163.75,0.98,281.23,100,0.0,0,results/raw/LunarLander-v3@tunedbase/rule_threshold_tuned/lam3.0/seed5_final.csv
LunarLander-v3@tunedbase,LunarLander-v3,rule_threshold_tuned,3.0,6,규칙(지문없음),-331.53220301668495,150.4177969833151,160.65,1.0,274.03,100,0.0,0,results/raw/LunarLander-v3@tunedbase/rule_threshold_tuned/lam3.0/seed6_final.csv
LunarLander-v3@tunedbase,LunarLander-v3,rule_threshold_tuned,3.0,7,규칙(지문없음),-314.0621820349833,165.09781796501665,159.72,0.99,275.29,100,0.001,0,results/raw/LunarLander-v3@tunedbase/rule_threshold_tuned/lam3.0/seed7_final.csv
LunarLander-v3@tunedbase,LunarLander-v3,rule_threshold_tuned,3.0,8,규칙(지문없음),-301.3261615636926,156.89383843630742,152.74,1.0,260.61,100,0.0,0,results/raw/LunarLander-v3@tunedbase/rule_threshold_tuned/lam3.0/seed8_final.csv
LunarLander-v3@tunedbase,LunarLander-v3,rule_threshold_tuned,3.0,9,규칙(지문없음),-345.71064847085603,157.44935152914408,167.72,0.98,289.97,100,0.0,0,results/raw/LunarLander-v3@tunedbase/rule_threshold_tuned/lam3.0/seed9_final.csv
